image_name,label
desk_392.jpg,desk
desk_764.jpg,desk
desk_144.jpg,desk
desk_639.jpg,desk
desk_689.jpg,desk
desk_364.jpg,desk
desk_595.jpg,desk
desk_430.jpg,desk
desk_479.jpg,desk
desk_21.jpg,desk
desk_564.jpg,desk
desk_709.jpg,desk
desk_178.jpg,desk
desk_792.jpg,desk
desk_82.jpg,desk
desk_791.jpg,desk
desk_312.jpg,desk
desk_272.jpg,desk
desk_481.jpg,desk
desk_757.jpg,desk
desk_620.jpg,desk
desk_114.jpg,desk
desk_47.jpg,desk
desk_198.jpg,desk
desk_333.jpg,desk
desk_584.jpg,desk
desk_500.jpg,desk
desk_837.jpg,desk
desk_831.jpg,desk
desk_816.jpg,desk
desk_422.jpg,desk
desk_360.jpg,desk
desk_71.jpg,desk
desk_567.jpg,desk
desk_523.jpg,desk
desk_375.jpg,desk
desk_326.jpg,desk
desk_314.jpg,desk
desk_268.jpg,desk
desk_92.jpg,desk
desk_258.jpg,desk
desk_108.jpg,desk
desk_476.jpg,desk
desk_696.jpg,desk
desk_225.jpg,desk
desk_34.jpg,desk
desk_615.jpg,desk
desk_833.jpg,desk
desk_294.jpg,desk
desk_382.jpg,desk
desk_296.jpg,desk
desk_142.jpg,desk
desk_22.jpg,desk
desk_783.jpg,desk
desk_782.jpg,desk
desk_808.jpg,desk
desk_499.jpg,desk
desk_758.jpg,desk
desk_810.jpg,desk
desk_354.jpg,desk
desk_130.jpg,desk
desk_241.jpg,desk
desk_293.jpg,desk
desk_770.jpg,desk
desk_202.jpg,desk
desk_15.jpg,desk
desk_25.jpg,desk
desk_290.jpg,desk
desk_310.jpg,desk
desk_411.jpg,desk
desk_468.jpg,desk
desk_205.jpg,desk
desk_846.jpg,desk
desk_397.jpg,desk
desk_748.jpg,desk
desk_849.jpg,desk
desk_431.jpg,desk
desk_599.jpg,desk
desk_463.jpg,desk
desk_425.jpg,desk
desk_651.jpg,desk
desk_494.jpg,desk
desk_542.jpg,desk
desk_280.jpg,desk
desk_507.jpg,desk
desk_207.jpg,desk
desk_694.jpg,desk
desk_550.jpg,desk
desk_785.jpg,desk
desk_260.jpg,desk
desk_19.jpg,desk
desk_39.jpg,desk
desk_261.jpg,desk
desk_616.jpg,desk
desk_117.jpg,desk
desk_38.jpg,desk
desk_642.jpg,desk
desk_291.jpg,desk
desk_850.jpg,desk
desk_75.jpg,desk
desk_624.jpg,desk
desk_442.jpg,desk
desk_801.jpg,desk
desk_418.jpg,desk
desk_301.jpg,desk
desk_147.jpg,desk
desk_259.jpg,desk
desk_828.jpg,desk
desk_106.jpg,desk
desk_743.jpg,desk
desk_736.jpg,desk
desk_145.jpg,desk
desk_235.jpg,desk
desk_334.jpg,desk
desk_762.jpg,desk
desk_686.jpg,desk
desk_348.jpg,desk
desk_635.jpg,desk
desk_474.jpg,desk
desk_217.jpg,desk
desk_244.jpg,desk
desk_673.jpg,desk
desk_303.jpg,desk
desk_754.jpg,desk
desk_772.jpg,desk
desk_83.jpg,desk
desk_363.jpg,desk
desk_179.jpg,desk
desk_745.jpg,desk
desk_383.jpg,desk
desk_365.jpg,desk
desk_249.jpg,desk
desk_388.jpg,desk
desk_24.jpg,desk
desk_320.jpg,desk
desk_385.jpg,desk
desk_204.jpg,desk
desk_136.jpg,desk
desk_589.jpg,desk
desk_58.jpg,desk
desk_715.jpg,desk
desk_814.jpg,desk
desk_511.jpg,desk
desk_97.jpg,desk
desk_228.jpg,desk
desk_317.jpg,desk
desk_622.jpg,desk
desk_257.jpg,desk
desk_237.jpg,desk
desk_661.jpg,desk
desk_750.jpg,desk
desk_594.jpg,desk
desk_838.jpg,desk
desk_780.jpg,desk
desk_822.jpg,desk
desk_324.jpg,desk
desk_820.jpg,desk
desk_454.jpg,desk
desk_133.jpg,desk
desk_726.jpg,desk
desk_149.jpg,desk
desk_86.jpg,desk
desk_175.jpg,desk
desk_562.jpg,desk
desk_844.jpg,desk
desk_73.jpg,desk
desk_150.jpg,desk
desk_612.jpg,desk
desk_152.jpg,desk
desk_281.jpg,desk
desk_797.jpg,desk
desk_262.jpg,desk
desk_483.jpg,desk
desk_800.jpg,desk
desk_809.jpg,desk
desk_666.jpg,desk
desk_184.jpg,desk
desk_704.jpg,desk
desk_72.jpg,desk
desk_571.jpg,desk
desk_766.jpg,desk
desk_121.jpg,desk
desk_53.jpg,desk
desk_426.jpg,desk
desk_289.jpg,desk
desk_188.jpg,desk
desk_724.jpg,desk
desk_652.jpg,desk
desk_306.jpg,desk
desk_465.jpg,desk
desk_49.jpg,desk
desk_619.jpg,desk
desk_515.jpg,desk
desk_443.jpg,desk
desk_432.jpg,desk
desk_69.jpg,desk
desk_284.jpg,desk
desk_610.jpg,desk
desk_472.jpg,desk
desk_309.jpg,desk
desk_777.jpg,desk
desk_119.jpg,desk
desk_251.jpg,desk
desk_245.jpg,desk
desk_841.jpg,desk
desk_386.jpg,desk
desk_558.jpg,desk
desk_226.jpg,desk
desk_36.jpg,desk
desk_166.jpg,desk
desk_630.jpg,desk
desk_85.jpg,desk
desk_576.jpg,desk
desk_531.jpg,desk
desk_223.jpg,desk
desk_323.jpg,desk
desk_799.jpg,desk
desk_421.jpg,desk
desk_625.jpg,desk
desk_539.jpg,desk
desk_379.jpg,desk
desk_191.jpg,desk
desk_26.jpg,desk
desk_462.jpg,desk
desk_484.jpg,desk
desk_157.jpg,desk
desk_480.jpg,desk
desk_811.jpg,desk
desk_506.jpg,desk
desk_419.jpg,desk
desk_88.jpg,desk
desk_45.jpg,desk
desk_54.jpg,desk
desk_124.jpg,desk
desk_41.jpg,desk
desk_720.jpg,desk
desk_573.jpg,desk
desk_43.jpg,desk
desk_793.jpg,desk
desk_270.jpg,desk
desk_77.jpg,desk
desk_414.jpg,desk
desk_451.jpg,desk
desk_233.jpg,desk
desk_115.jpg,desk
desk_449.jpg,desk
desk_636.jpg,desk
desk_497.jpg,desk
desk_679.jpg,desk
desk_771.jpg,desk
desk_110.jpg,desk
desk_657.jpg,desk
desk_623.jpg,desk
desk_68.jpg,desk
desk_2.jpg,desk
desk_174.jpg,desk
desk_255.jpg,desk
desk_374.jpg,desk
desk_32.jpg,desk
desk_90.jpg,desk
desk_339.jpg,desk
desk_33.jpg,desk
desk_29.jpg,desk
desk_131.jpg,desk
desk_606.jpg,desk
desk_321.jpg,desk
desk_570.jpg,desk
desk_373.jpg,desk
desk_433.jpg,desk
desk_256.jpg,desk
desk_761.jpg,desk
desk_617.jpg,desk
desk_243.jpg,desk
desk_645.jpg,desk
desk_702.jpg,desk
desk_89.jpg,desk
desk_678.jpg,desk
desk_802.jpg,desk
desk_276.jpg,desk
desk_400.jpg,desk
desk_5.jpg,desk
desk_734.jpg,desk
desk_81.jpg,desk
desk_765.jpg,desk
desk_524.jpg,desk
desk_760.jpg,desk
desk_471.jpg,desk
desk_650.jpg,desk
desk_199.jpg,desk
desk_65.jpg,desk
desk_815.jpg,desk
desk_300.jpg,desk
desk_128.jpg,desk
desk_154.jpg,desk
desk_665.jpg,desk
desk_94.jpg,desk
desk_182.jpg,desk
desk_80.jpg,desk
desk_677.jpg,desk
desk_407.jpg,desk
desk_670.jpg,desk
desk_548.jpg,desk
desk_543.jpg,desk
desk_286.jpg,desk
desk_587.jpg,desk
desk_4.jpg,desk
desk_367.jpg,desk
desk_682.jpg,desk
desk_504.jpg,desk
desk_593.jpg,desk
desk_498.jpg,desk
desk_165.jpg,desk
desk_132.jpg,desk
desk_658.jpg,desk
desk_798.jpg,desk
desk_328.jpg,desk
desk_592.jpg,desk
desk_513.jpg,desk
desk_183.jpg,desk
desk_440.jpg,desk
desk_708.jpg,desk
desk_458.jpg,desk
desk_156.jpg,desk
desk_51.jpg,desk
desk_656.jpg,desk
desk_459.jpg,desk
desk_547.jpg,desk
desk_441.jpg,desk
desk_104.jpg,desk
desk_57.jpg,desk
desk_684.jpg,desk
desk_17.jpg,desk
desk_169.jpg,desk
desk_725.jpg,desk
desk_137.jpg,desk
desk_688.jpg,desk
desk_424.jpg,desk
desk_546.jpg,desk
desk_741.jpg,desk
desk_445.jpg,desk
desk_213.jpg,desk
desk_572.jpg,desk
desk_712.jpg,desk
desk_44.jpg,desk
desk_608.jpg,desk
desk_403.jpg,desk
desk_819.jpg,desk
desk_716.jpg,desk
desk_46.jpg,desk
desk_681.jpg,desk
desk_173.jpg,desk
desk_413.jpg,desk
desk_238.jpg,desk
desk_302.jpg,desk
desk_574.jpg,desk
desk_283.jpg,desk
desk_429.jpg,desk
desk_236.jpg,desk
desk_713.jpg,desk
desk_415.jpg,desk
desk_452.jpg,desk
desk_812.jpg,desk
desk_330.jpg,desk
desk_613.jpg,desk
desk_552.jpg,desk
desk_729.jpg,desk
desk_107.jpg,desk
desk_368.jpg,desk
desk_621.jpg,desk
desk_551.jpg,desk
desk_436.jpg,desk
desk_384.jpg,desk
desk_111.jpg,desk
desk_638.jpg,desk
desk_186.jpg,desk
desk_707.jpg,desk
desk_580.jpg,desk
desk_10.jpg,desk
desk_332.jpg,desk
desk_50.jpg,desk
desk_298.jpg,desk
desk_631.jpg,desk
desk_209.jpg,desk
desk_427.jpg,desk
desk_598.jpg,desk
desk_229.jpg,desk
desk_417.jpg,desk
desk_767.jpg,desk
desk_730.jpg,desk
desk_56.jpg,desk
desk_138.jpg,desk
desk_626.jpg,desk
desk_338.jpg,desk
desk_200.jpg,desk
desk_239.jpg,desk
desk_675.jpg,desk
desk_126.jpg,desk
desk_404.jpg,desk
desk_732.jpg,desk
desk_164.jpg,desk
desk_647.jpg,desk
desk_601.jpg,desk
desk_63.jpg,desk
desk_446.jpg,desk
desk_527.jpg,desk
desk_273.jpg,desk
desk_246.jpg,desk
desk_600.jpg,desk
desk_842.jpg,desk
desk_274.jpg,desk
desk_285.jpg,desk
desk_461.jpg,desk
desk_633.jpg,desk
desk_322.jpg,desk
desk_349.jpg,desk
desk_116.jpg,desk
desk_821.jpg,desk
desk_611.jpg,desk
desk_710.jpg,desk
desk_553.jpg,desk
desk_377.jpg,desk
desk_697.jpg,desk
desk_171.jpg,desk
desk_208.jpg,desk
desk_307.jpg,desk
desk_95.jpg,desk
desk_470.jpg,desk
desk_125.jpg,desk
desk_806.jpg,desk
desk_733.jpg,desk
desk_11.jpg,desk
desk_134.jpg,desk
desk_823.jpg,desk
desk_105.jpg,desk
desk_683.jpg,desk
desk_99.jpg,desk
desk_195.jpg,desk
desk_9.jpg,desk
desk_561.jpg,desk
desk_721.jpg,desk
desk_538.jpg,desk
desk_554.jpg,desk
desk_839.jpg,desk
desk_519.jpg,desk
desk_247.jpg,desk
desk_190.jpg,desk
desk_416.jpg,desk
desk_87.jpg,desk
desk_586.jpg,desk
desk_604.jpg,desk
desk_794.jpg,desk
desk_381.jpg,desk
desk_435.jpg,desk
desk_163.jpg,desk
desk_192.jpg,desk
desk_646.jpg,desk
desk_509.jpg,desk
desk_399.jpg,desk
desk_520.jpg,desk
desk_345.jpg,desk
desk_722.jpg,desk
desk_220.jpg,desk
desk_135.jpg,desk
desk_27.jpg,desk
desk_304.jpg,desk
desk_807.jpg,desk
desk_597.jpg,desk
desk_224.jpg,desk
desk_540.jpg,desk
desk_685.jpg,desk
desk_313.jpg,desk
desk_514.jpg,desk
desk_591.jpg,desk
desk_641.jpg,desk
desk_234.jpg,desk
desk_158.jpg,desk
desk_380.jpg,desk
desk_361.jpg,desk
desk_565.jpg,desk
desk_305.jpg,desk
desk_167.jpg,desk
desk_148.jpg,desk
desk_478.jpg,desk
desk_455.jpg,desk
desk_253.jpg,desk
desk_254.jpg,desk
desk_517.jpg,desk
desk_496.jpg,desk
desk_23.jpg,desk
desk_789.jpg,desk
desk_129.jpg,desk
desk_528.jpg,desk
desk_585.jpg,desk
desk_840.jpg,desk
desk_560.jpg,desk
desk_215.jpg,desk
desk_393.jpg,desk
desk_356.jpg,desk
desk_491.jpg,desk
desk_35.jpg,desk
desk_529.jpg,desk
desk_266.jpg,desk
desk_74.jpg,desk
desk_662.jpg,desk
desk_744.jpg,desk
desk_632.jpg,desk
desk_759.jpg,desk
desk_181.jpg,desk
desk_834.jpg,desk
desk_464.jpg,desk
desk_319.jpg,desk
desk_390.jpg,desk
desk_123.jpg,desk
desk_311.jpg,desk
desk_549.jpg,desk
desk_402.jpg,desk
desk_387.jpg,desk
desk_277.jpg,desk
desk_817.jpg,desk
desk_602.jpg,desk
desk_692.jpg,desk
desk_282.jpg,desk
desk_155.jpg,desk
desk_703.jpg,desk
desk_467.jpg,desk
desk_671.jpg,desk
desk_216.jpg,desk
desk_211.jpg,desk
desk_336.jpg,desk
desk_578.jpg,desk
desk_287.jpg,desk
desk_466.jpg,desk
desk_447.jpg,desk
desk_699.jpg,desk
desk_637.jpg,desk
desk_668.jpg,desk
desk_503.jpg,desk
desk_76.jpg,desk
desk_362.jpg,desk
desk_78.jpg,desk
desk_477.jpg,desk
desk_774.jpg,desk
desk_756.jpg,desk
desk_693.jpg,desk
desk_406.jpg,desk
desk_803.jpg,desk
desk_628.jpg,desk
desk_14.jpg,desk
desk_189.jpg,desk
desk_140.jpg,desk
desk_718.jpg,desk
desk_664.jpg,desk
desk_755.jpg,desk
desk_366.jpg,desk
desk_389.jpg,desk
desk_747.jpg,desk
desk_201.jpg,desk
desk_20.jpg,desk
desk_342.jpg,desk
desk_410.jpg,desk
desk_376.jpg,desk
desk_346.jpg,desk
desk_751.jpg,desk
desk_3.jpg,desk
desk_489.jpg,desk
desk_372.jpg,desk
desk_67.jpg,desk
desk_347.jpg,desk
desk_829.jpg,desk
desk_778.jpg,desk
desk_357.jpg,desk
desk_827.jpg,desk
desk_521.jpg,desk
desk_487.jpg,desk
desk_676.jpg,desk
desk_352.jpg,desk
desk_469.jpg,desk
desk_8.jpg,desk
desk_242.jpg,desk
desk_660.jpg,desk
desk_444.jpg,desk
desk_536.jpg,desk
desk_218.jpg,desk
desk_203.jpg,desk
desk_559.jpg,desk
desk_55.jpg,desk
desk_7.jpg,desk
desk_818.jpg,desk
desk_717.jpg,desk
desk_701.jpg,desk
desk_337.jpg,desk
desk_103.jpg,desk
desk_263.jpg,desk
desk_196.jpg,desk
desk_526.jpg,desk
desk_848.jpg,desk
desk_64.jpg,desk
desk_288.jpg,desk
desk_753.jpg,desk
desk_139.jpg,desk
desk_420.jpg,desk
desk_396.jpg,desk
desk_275.jpg,desk
desk_84.jpg,desk
desk_555.jpg,desk
desk_232.jpg,desk
desk_824.jpg,desk
desk_537.jpg,desk
desk_649.jpg,desk
desk_737.jpg,desk
desk_292.jpg,desk
desk_141.jpg,desk
desk_830.jpg,desk
desk_582.jpg,desk
desk_30.jpg,desk
desk_278.jpg,desk
desk_614.jpg,desk
desk_37.jpg,desk
desk_6.jpg,desk
desk_434.jpg,desk
desk_187.jpg,desk
desk_691.jpg,desk
desk_219.jpg,desk
desk_695.jpg,desk
desk_768.jpg,desk
desk_739.jpg,desk
desk_12.jpg,desk
desk_460.jpg,desk
desk_180.jpg,desk
desk_687.jpg,desk
desk_790.jpg,desk
desk_344.jpg,desk
desk_738.jpg,desk
desk_412.jpg,desk
desk_341.jpg,desk
desk_371.jpg,desk
desk_59.jpg,desk
desk_826.jpg,desk
desk_690.jpg,desk
desk_781.jpg,desk
desk_212.jpg,desk
desk_437.jpg,desk
desk_327.jpg,desk
desk_545.jpg,desk
desk_752.jpg,desk
desk_42.jpg,desk
desk_575.jpg,desk
desk_185.jpg,desk
desk_851.jpg,desk
desk_590.jpg,desk
desk_705.jpg,desk
desk_112.jpg,desk
desk_719.jpg,desk
desk_588.jpg,desk
desk_394.jpg,desk
desk_672.jpg,desk
desk_101.jpg,desk
desk_648.jpg,desk
desk_627.jpg,desk
desk_740.jpg,desk
desk_663.jpg,desk
desk_358.jpg,desk
desk_122.jpg,desk
desk_541.jpg,desk
desk_556.jpg,desk
desk_329.jpg,desk
desk_669.jpg,desk
desk_297.jpg,desk
desk_405.jpg,desk
desk_795.jpg,desk
desk_634.jpg,desk
desk_153.jpg,desk
desk_835.jpg,desk
desk_16.jpg,desk
desk_784.jpg,desk
desk_804.jpg,desk
desk_391.jpg,desk
desk_731.jpg,desk
desk_315.jpg,desk
desk_813.jpg,desk
desk_644.jpg,desk
desk_566.jpg,desk
desk_438.jpg,desk
desk_28.jpg,desk
desk_522.jpg,desk
desk_505.jpg,desk
desk_742.jpg,desk
desk_221.jpg,desk
desk_805.jpg,desk
desk_775.jpg,desk
desk_340.jpg,desk
desk_577.jpg,desk
desk_267.jpg,desk
desk_1.jpg,desk
desk_214.jpg,desk
desk_264.jpg,desk
desk_160.jpg,desk
desk_168.jpg,desk
desk_535.jpg,desk
desk_583.jpg,desk
desk_643.jpg,desk
desk_640.jpg,desk
desk_439.jpg,desk
desk_98.jpg,desk
desk_557.jpg,desk
desk_779.jpg,desk
desk_845.jpg,desk
desk_222.jpg,desk
desk_680.jpg,desk
desk_109.jpg,desk
desk_674.jpg,desk
desk_231.jpg,desk
desk_490.jpg,desk
desk_79.jpg,desk
desk_763.jpg,desk
desk_728.jpg,desk
desk_533.jpg,desk
desk_60.jpg,desk
desk_279.jpg,desk
desk_295.jpg,desk
desk_271.jpg,desk
desk_456.jpg,desk
desk_70.jpg,desk
desk_746.jpg,desk
desk_162.jpg,desk
desk_351.jpg,desk
desk_176.jpg,desk
desk_706.jpg,desk
desk_230.jpg,desk
desk_787.jpg,desk
chair_737.jpg,chair
chair_1190.jpg,chair
chair_696.jpg,chair
chair_119.jpg,chair
chair_575.jpg,chair
chair_1085.jpg,chair
chair_735.jpg,chair
chair_942.jpg,chair
chair_1398.jpg,chair
chair_1285.jpg,chair
chair_1109.jpg,chair
chair_275.jpg,chair
chair_1149.jpg,chair
chair_639.jpg,chair
chair_375.jpg,chair
chair_321.jpg,chair
chair_414.jpg,chair
chair_95.jpg,chair
chair_547.jpg,chair
chair_1018.jpg,chair
chair_686.jpg,chair
chair_484.jpg,chair
chair_1324.jpg,chair
chair_650.jpg,chair
chair_234.jpg,chair
chair_266.jpg,chair
chair_587.jpg,chair
chair_934.jpg,chair
chair_1408.jpg,chair
chair_1175.jpg,chair
chair_221.jpg,chair
chair_169.jpg,chair
chair_663.jpg,chair
chair_1380.jpg,chair
chair_664.jpg,chair
chair_1421.jpg,chair
chair_712.jpg,chair
chair_1297.jpg,chair
chair_1189.jpg,chair
chair_574.jpg,chair
chair_1296.jpg,chair
chair_642.jpg,chair
chair_1121.jpg,chair
chair_850.jpg,chair
chair_1275.jpg,chair
chair_647.jpg,chair
chair_843.jpg,chair
chair_73.jpg,chair
chair_1367.jpg,chair
chair_713.jpg,chair
chair_14.jpg,chair
chair_1345.jpg,chair
chair_1294.jpg,chair
chair_669.jpg,chair
chair_155.jpg,chair
chair_878.jpg,chair
chair_690.jpg,chair
chair_615.jpg,chair
chair_384.jpg,chair
chair_36.jpg,chair
chair_910.jpg,chair
chair_807.jpg,chair
chair_888.jpg,chair
chair_793.jpg,chair
chair_1126.jpg,chair
chair_776.jpg,chair
chair_592.jpg,chair
chair_437.jpg,chair
chair_738.jpg,chair
chair_733.jpg,chair
chair_678.jpg,chair
chair_710.jpg,chair
chair_257.jpg,chair
chair_865.jpg,chair
chair_768.jpg,chair
chair_848.jpg,chair
chair_628.jpg,chair
chair_1308.jpg,chair
chair_1163.jpg,chair
chair_17.jpg,chair
chair_968.jpg,chair
chair_578.jpg,chair
chair_1106.jpg,chair
chair_767.jpg,chair
chair_1112.jpg,chair
chair_795.jpg,chair
chair_98.jpg,chair
chair_220.jpg,chair
chair_707.jpg,chair
chair_1237.jpg,chair
chair_931.jpg,chair
chair_697.jpg,chair
chair_206.jpg,chair
chair_1331.jpg,chair
chair_365.jpg,chair
chair_702.jpg,chair
chair_756.jpg,chair
chair_418.jpg,chair
chair_55.jpg,chair
chair_297.jpg,chair
chair_994.jpg,chair
chair_1434.jpg,chair
chair_252.jpg,chair
chair_692.jpg,chair
chair_210.jpg,chair
chair_1278.jpg,chair
chair_904.jpg,chair
chair_799.jpg,chair
chair_1240.jpg,chair
chair_1116.jpg,chair
chair_693.jpg,chair
chair_825.jpg,chair
chair_1114.jpg,chair
chair_1435.jpg,chair
chair_305.jpg,chair
chair_287.jpg,chair
chair_1130.jpg,chair
chair_741.jpg,chair
chair_958.jpg,chair
chair_752.jpg,chair
chair_1033.jpg,chair
chair_534.jpg,chair
chair_612.jpg,chair
chair_1135.jpg,chair
chair_273.jpg,chair
chair_984.jpg,chair
chair_796.jpg,chair
chair_229.jpg,chair
chair_1044.jpg,chair
chair_849.jpg,chair
chair_1129.jpg,chair
chair_377.jpg,chair
chair_746.jpg,chair
chair_891.jpg,chair
chair_919.jpg,chair
chair_369.jpg,chair
chair_719.jpg,chair
chair_152.jpg,chair
chair_545.jpg,chair
chair_203.jpg,chair
chair_609.jpg,chair
chair_1230.jpg,chair
chair_254.jpg,chair
chair_263.jpg,chair
chair_381.jpg,chair
chair_401.jpg,chair
chair_1061.jpg,chair
chair_1349.jpg,chair
chair_1006.jpg,chair
chair_1400.jpg,chair
chair_896.jpg,chair
chair_820.jpg,chair
chair_1020.jpg,chair
chair_652.jpg,chair
chair_138.jpg,chair
chair_1154.jpg,chair
chair_532.jpg,chair
chair_617.jpg,chair
chair_1320.jpg,chair
chair_1069.jpg,chair
chair_897.jpg,chair
chair_1306.jpg,chair
chair_972.jpg,chair
chair_504.jpg,chair
chair_1005.jpg,chair
chair_1418.jpg,chair
chair_1314.jpg,chair
chair_529.jpg,chair
chair_1220.jpg,chair
chair_570.jpg,chair
chair_131.jpg,chair
chair_43.jpg,chair
chair_1000.jpg,chair
chair_281.jpg,chair
chair_759.jpg,chair
chair_135.jpg,chair
chair_63.jpg,chair
chair_791.jpg,chair
chair_945.jpg,chair
chair_966.jpg,chair
chair_1415.jpg,chair
chair_872.jpg,chair
chair_1329.jpg,chair
chair_197.jpg,chair
chair_1191.jpg,chair
chair_320.jpg,chair
chair_974.jpg,chair
chair_1156.jpg,chair
chair_1035.jpg,chair
chair_550.jpg,chair
chair_245.jpg,chair
chair_256.jpg,chair
chair_1138.jpg,chair
chair_1262.jpg,chair
chair_606.jpg,chair
chair_1195.jpg,chair
chair_633.jpg,chair
chair_1403.jpg,chair
chair_662.jpg,chair
chair_48.jpg,chair
chair_814.jpg,chair
chair_1355.jpg,chair
chair_581.jpg,chair
chair_244.jpg,chair
chair_199.jpg,chair
chair_356.jpg,chair
chair_402.jpg,chair
chair_644.jpg,chair
chair_514.jpg,chair
chair_520.jpg,chair
chair_794.jpg,chair
chair_347.jpg,chair
chair_1302.jpg,chair
chair_996.jpg,chair
chair_378.jpg,chair
chair_887.jpg,chair
chair_16.jpg,chair
chair_785.jpg,chair
chair_1362.jpg,chair
chair_1313.jpg,chair
chair_22.jpg,chair
chair_25.jpg,chair
chair_1341.jpg,chair
chair_730.jpg,chair
chair_1046.jpg,chair
chair_1290.jpg,chair
chair_1145.jpg,chair
chair_215.jpg,chair
chair_212.jpg,chair
chair_936.jpg,chair
chair_279.jpg,chair
chair_1209.jpg,chair
chair_1019.jpg,chair
chair_1402.jpg,chair
chair_540.jpg,chair
chair_1365.jpg,chair
chair_1284.jpg,chair
chair_1064.jpg,chair
chair_779.jpg,chair
chair_1176.jpg,chair
chair_1026.jpg,chair
chair_1073.jpg,chair
chair_443.jpg,chair
chair_757.jpg,chair
chair_1338.jpg,chair
chair_286.jpg,chair
chair_129.jpg,chair
chair_1309.jpg,chair
chair_496.jpg,chair
chair_181.jpg,chair
chair_822.jpg,chair
chair_1227.jpg,chair
chair_962.jpg,chair
chair_1099.jpg,chair
chair_565.jpg,chair
chair_270.jpg,chair
chair_6.jpg,chair
chair_985.jpg,chair
chair_537.jpg,chair
chair_110.jpg,chair
chair_303.jpg,chair
chair_280.jpg,chair
chair_448.jpg,chair
chair_1108.jpg,chair
chair_299.jpg,chair
chair_812.jpg,chair
chair_182.jpg,chair
chair_498.jpg,chair
chair_619.jpg,chair
chair_163.jpg,chair
chair_175.jpg,chair
chair_160.jpg,chair
chair_1316.jpg,chair
chair_516.jpg,chair
chair_79.jpg,chair
chair_312.jpg,chair
chair_546.jpg,chair
chair_521.jpg,chair
chair_368.jpg,chair
chair_1091.jpg,chair
chair_116.jpg,chair
chair_1013.jpg,chair
chair_44.jpg,chair
chair_103.jpg,chair
chair_1420.jpg,chair
chair_1166.jpg,chair
chair_938.jpg,chair
chair_597.jpg,chair
chair_913.jpg,chair
chair_1102.jpg,chair
chair_828.jpg,chair
chair_704.jpg,chair
chair_141.jpg,chair
chair_863.jpg,chair
chair_15.jpg,chair
chair_723.jpg,chair
chair_468.jpg,chair
chair_933.jpg,chair
chair_715.jpg,chair
chair_569.jpg,chair
chair_453.jpg,chair
chair_621.jpg,chair
chair_969.jpg,chair
chair_1080.jpg,chair
chair_1207.jpg,chair
chair_4.jpg,chair
chair_262.jpg,chair
chair_1113.jpg,chair
chair_1065.jpg,chair
chair_1101.jpg,chair
chair_1412.jpg,chair
chair_1134.jpg,chair
chair_84.jpg,chair
chair_1200.jpg,chair
chair_655.jpg,chair
chair_12.jpg,chair
chair_242.jpg,chair
chair_246.jpg,chair
chair_1337.jpg,chair
chair_310.jpg,chair
chair_1032.jpg,chair
chair_35.jpg,chair
chair_827.jpg,chair
chair_183.jpg,chair
chair_861.jpg,chair
chair_855.jpg,chair
chair_568.jpg,chair
chair_109.jpg,chair
chair_415.jpg,chair
chair_770.jpg,chair
chair_1079.jpg,chair
chair_1058.jpg,chair
chair_136.jpg,chair
chair_905.jpg,chair
chair_77.jpg,chair
chair_566.jpg,chair
chair_852.jpg,chair
chair_192.jpg,chair
chair_772.jpg,chair
chair_430.jpg,chair
chair_932.jpg,chair
chair_1.jpg,chair
chair_326.jpg,chair
chair_30.jpg,chair
chair_1188.jpg,chair
chair_584.jpg,chair
chair_479.jpg,chair
chair_1078.jpg,chair
chair_1379.jpg,chair
chair_725.jpg,chair
chair_1142.jpg,chair
chair_99.jpg,chair
chair_875.jpg,chair
chair_583.jpg,chair
chair_315.jpg,chair
chair_858.jpg,chair
chair_362.jpg,chair
chair_492.jpg,chair
chair_824.jpg,chair
chair_1426.jpg,chair
chair_979.jpg,chair
chair_1029.jpg,chair
chair_922.jpg,chair
chair_548.jpg,chair
chair_104.jpg,chair
chair_309.jpg,chair
chair_271.jpg,chair
chair_314.jpg,chair
chair_889.jpg,chair
chair_417.jpg,chair
chair_1205.jpg,chair
chair_1336.jpg,chair
chair_74.jpg,chair
chair_558.jpg,chair
chair_536.jpg,chair
chair_251.jpg,chair
chair_1062.jpg,chair
chair_1389.jpg,chair
chair_777.jpg,chair
chair_1003.jpg,chair
chair_1137.jpg,chair
chair_458.jpg,chair
chair_809.jpg,chair
chair_1043.jpg,chair
chair_276.jpg,chair
chair_666.jpg,chair
chair_601.jpg,chair
chair_218.jpg,chair
chair_1428.jpg,chair
chair_1327.jpg,chair
chair_154.jpg,chair
chair_272.jpg,chair
chair_1289.jpg,chair
chair_603.jpg,chair
chair_823.jpg,chair
chair_1049.jpg,chair
chair_1090.jpg,chair
chair_3.jpg,chair
chair_816.jpg,chair
chair_868.jpg,chair
chair_421.jpg,chair
chair_916.jpg,chair
chair_464.jpg,chair
chair_637.jpg,chair
chair_72.jpg,chair
chair_180.jpg,chair
chair_729.jpg,chair
chair_1323.jpg,chair
chair_389.jpg,chair
chair_461.jpg,chair
chair_359.jpg,chair
chair_1215.jpg,chair
chair_396.jpg,chair
chair_331.jpg,chair
chair_1226.jpg,chair
chair_941.jpg,chair
chair_513.jpg,chair
chair_151.jpg,chair
chair_884.jpg,chair
chair_806.jpg,chair
chair_1366.jpg,chair
chair_87.jpg,chair
chair_1158.jpg,chair
chair_1282.jpg,chair
chair_883.jpg,chair
chair_240.jpg,chair
chair_1180.jpg,chair
chair_1050.jpg,chair
chair_950.jpg,chair
chair_1311.jpg,chair
chair_66.jpg,chair
chair_345.jpg,chair
chair_798.jpg,chair
chair_400.jpg,chair
chair_611.jpg,chair
chair_288.jpg,chair
chair_285.jpg,chair
chair_117.jpg,chair
chair_541.jpg,chair
chair_336.jpg,chair
chair_76.jpg,chair
chair_515.jpg,chair
chair_743.jpg,chair
chair_908.jpg,chair
chair_1253.jpg,chair
chair_1096.jpg,chair
chair_1088.jpg,chair
chair_428.jpg,chair
chair_1382.jpg,chair
chair_607.jpg,chair
chair_1344.jpg,chair
chair_937.jpg,chair
chair_1241.jpg,chair
chair_46.jpg,chair
chair_1172.jpg,chair
chair_70.jpg,chair
chair_1274.jpg,chair
chair_890.jpg,chair
chair_473.jpg,chair
chair_302.jpg,chair
chair_1098.jpg,chair
chair_1335.jpg,chair
chair_290.jpg,chair
chair_2.jpg,chair
chair_187.jpg,chair
chair_622.jpg,chair
chair_901.jpg,chair
chair_1181.jpg,chair
chair_382.jpg,chair
chair_295.jpg,chair
chair_1411.jpg,chair
chair_289.jpg,chair
chair_1397.jpg,chair
chair_146.jpg,chair
chair_624.jpg,chair
chair_457.jpg,chair
chair_399.jpg,chair
chair_957.jpg,chair
chair_1409.jpg,chair
chair_674.jpg,chair
chair_354.jpg,chair
chair_258.jpg,chair
chair_1352.jpg,chair
chair_604.jpg,chair
chair_1164.jpg,chair
chair_480.jpg,chair
chair_987.jpg,chair
chair_1234.jpg,chair
chair_357.jpg,chair
chair_1174.jpg,chair
chair_28.jpg,chair
chair_265.jpg,chair
chair_981.jpg,chair
chair_208.jpg,chair
chair_782.jpg,chair
chair_1384.jpg,chair
chair_58.jpg,chair
chair_549.jpg,chair
chair_1136.jpg,chair
chair_1364.jpg,chair
chair_247.jpg,chair
chair_728.jpg,chair
chair_971.jpg,chair
chair_1133.jpg,chair
chair_157.jpg,chair
chair_398.jpg,chair
chair_608.jpg,chair
chair_1377.jpg,chair
chair_629.jpg,chair
chair_1291.jpg,chair
chair_1015.jpg,chair
chair_126.jpg,chair
chair_926.jpg,chair
chair_844.jpg,chair
chair_324.jpg,chair
chair_989.jpg,chair
chair_387.jpg,chair
chair_38.jpg,chair
chair_787.jpg,chair
chair_899.jpg,chair
chair_1177.jpg,chair
chair_343.jpg,chair
chair_1027.jpg,chair
chair_677.jpg,chair
chair_56.jpg,chair
chair_1374.jpg,chair
chair_554.jpg,chair
chair_161.jpg,chair
chair_223.jpg,chair
chair_178.jpg,chair
chair_764.jpg,chair
chair_802.jpg,chair
chair_627.jpg,chair
chair_1082.jpg,chair
chair_445.jpg,chair
chair_1214.jpg,chair
chair_527.jpg,chair
chair_436.jpg,chair
chair_917.jpg,chair
chair_393.jpg,chair
chair_866.jpg,chair
chair_465.jpg,chair
chair_124.jpg,chair
chair_130.jpg,chair
chair_722.jpg,chair
chair_754.jpg,chair
chair_470.jpg,chair
chair_92.jpg,chair
chair_1363.jpg,chair
chair_284.jpg,chair
chair_951.jpg,chair
chair_296.jpg,chair
chair_325.jpg,chair
chair_760.jpg,chair
chair_490.jpg,chair
chair_278.jpg,chair
chair_32.jpg,chair
chair_202.jpg,chair
chair_1376.jpg,chair
chair_189.jpg,chair
chair_405.jpg,chair
chair_13.jpg,chair
chair_879.jpg,chair
chair_1417.jpg,chair
chair_831.jpg,chair
chair_778.jpg,chair
chair_854.jpg,chair
chair_789.jpg,chair
chair_427.jpg,chair
chair_90.jpg,chair
chair_127.jpg,chair
chair_1361.jpg,chair
chair_920.jpg,chair
chair_426.jpg,chair
chair_71.jpg,chair
chair_379.jpg,chair
chair_1024.jpg,chair
chair_137.jpg,chair
chair_998.jpg,chair
chair_665.jpg,chair
chair_842.jpg,chair
chair_54.jpg,chair
chair_344.jpg,chair
chair_1310.jpg,chair
chair_159.jpg,chair
chair_1307.jpg,chair
chair_1012.jpg,chair
chair_803.jpg,chair
chair_1104.jpg,chair
chair_1084.jpg,chair
chair_409.jpg,chair
chair_988.jpg,chair
chair_385.jpg,chair
chair_898.jpg,chair
chair_407.jpg,chair
chair_147.jpg,chair
chair_100.jpg,chair
chair_153.jpg,chair
chair_596.jpg,chair
chair_1392.jpg,chair
chair_1193.jpg,chair
chair_864.jpg,chair
chair_1375.jpg,chair
chair_765.jpg,chair
chair_960.jpg,chair
chair_328.jpg,chair
chair_1251.jpg,chair
chair_1124.jpg,chair
chair_201.jpg,chair
chair_497.jpg,chair
chair_1221.jpg,chair
chair_1391.jpg,chair
chair_1228.jpg,chair
chair_758.jpg,chair
chair_640.jpg,chair
chair_680.jpg,chair
chair_954.jpg,chair
chair_97.jpg,chair
chair_166.jpg,chair
chair_961.jpg,chair
chair_510.jpg,chair
chair_1298.jpg,chair
chair_1066.jpg,chair
chair_1139.jpg,chair
chair_243.jpg,chair
chair_819.jpg,chair
chair_1277.jpg,chair
chair_433.jpg,chair
chair_332.jpg,chair
chair_616.jpg,chair
chair_1160.jpg,chair
chair_1258.jpg,chair
chair_1269.jpg,chair
chair_162.jpg,chair
chair_659.jpg,chair
chair_555.jpg,chair
chair_57.jpg,chair
chair_1004.jpg,chair
chair_27.jpg,chair
chair_475.jpg,chair
chair_1224.jpg,chair
chair_918.jpg,chair
chair_740.jpg,chair
chair_845.jpg,chair
chair_164.jpg,chair
chair_833.jpg,chair
chair_512.jpg,chair
chair_335.jpg,chair
chair_1300.jpg,chair
chair_367.jpg,chair
chair_877.jpg,chair
chair_673.jpg,chair
chair_638.jpg,chair
chair_1132.jpg,chair
chair_237.jpg,chair
chair_1159.jpg,chair
chair_1014.jpg,chair
chair_1185.jpg,chair
chair_373.jpg,chair
chair_231.jpg,chair
chair_625.jpg,chair
chair_975.jpg,chair
chair_268.jpg,chair
chair_1225.jpg,chair
chair_1048.jpg,chair
chair_1093.jpg,chair
chair_836.jpg,chair
chair_1155.jpg,chair
chair_323.jpg,chair
chair_255.jpg,chair
chair_646.jpg,chair
chair_838.jpg,chair
chair_1056.jpg,chair
chair_930.jpg,chair
chair_940.jpg,chair
chair_34.jpg,chair
chair_1023.jpg,chair
chair_438.jpg,chair
chair_880.jpg,chair
chair_1410.jpg,chair
chair_75.jpg,chair
chair_1432.jpg,chair
chair_118.jpg,chair
chair_773.jpg,chair
chair_685.jpg,chair
chair_1348.jpg,chair
chair_150.jpg,chair
chair_1131.jpg,chair
chair_671.jpg,chair
chair_598.jpg,chair
chair_363.jpg,chair
chair_559.jpg,chair
chair_39.jpg,chair
chair_800.jpg,chair
chair_804.jpg,chair
chair_1272.jpg,chair
chair_667.jpg,chair
chair_839.jpg,chair
chair_334.jpg,chair
chair_590.jpg,chair
chair_1042.jpg,chair
chair_69.jpg,chair
chair_1346.jpg,chair
chair_573.jpg,chair
chair_818.jpg,chair
chair_1276.jpg,chair
chair_404.jpg,chair
chair_892.jpg,chair
chair_91.jpg,chair
chair_102.jpg,chair
chair_1171.jpg,chair
chair_226.jpg,chair
chair_298.jpg,chair
chair_1037.jpg,chair
chair_927.jpg,chair
chair_1394.jpg,chair
chair_330.jpg,chair
chair_213.jpg,chair
chair_112.jpg,chair
chair_620.jpg,chair
chair_33.jpg,chair
chair_238.jpg,chair
chair_632.jpg,chair
chair_651.jpg,chair
chair_68.jpg,chair
chair_1315.jpg,chair
chair_222.jpg,chair
chair_1054.jpg,chair
chair_374.jpg,chair
chair_410.jpg,chair
chair_408.jpg,chair
chair_1076.jpg,chair
chair_1372.jpg,chair
chair_929.jpg,chair
chair_900.jpg,chair
chair_928.jpg,chair
chair_613.jpg,chair
chair_572.jpg,chair
chair_499.jpg,chair
chair_386.jpg,chair
chair_205.jpg,chair
chair_797.jpg,chair
chair_885.jpg,chair
chair_1178.jpg,chair
chair_982.jpg,chair
chair_172.jpg,chair
chair_1431.jpg,chair
chair_466.jpg,chair
chair_763.jpg,chair
chair_944.jpg,chair
chair_424.jpg,chair
chair_1416.jpg,chair
chair_340.jpg,chair
chair_1286.jpg,chair
chair_96.jpg,chair
chair_750.jpg,chair
chair_371.jpg,chair
chair_11.jpg,chair
chair_411.jpg,chair
chair_956.jpg,chair
chair_1268.jpg,chair
chair_495.jpg,chair
chair_158.jpg,chair
chair_600.jpg,chair
chair_366.jpg,chair
chair_1317.jpg,chair
chair_1265.jpg,chair
chair_313.jpg,chair
chair_250.jpg,chair
chair_1071.jpg,chair
chair_174.jpg,chair
chair_341.jpg,chair
chair_946.jpg,chair
chair_747.jpg,chair
chair_502.jpg,chair
chair_1143.jpg,chair
chair_1077.jpg,chair
chair_451.jpg,chair
chair_1261.jpg,chair
chair_862.jpg,chair
chair_1436.jpg,chair
chair_198.jpg,chair
chair_1406.jpg,chair
chair_1068.jpg,chair
chair_1353.jpg,chair
chair_1301.jpg,chair
chair_59.jpg,chair
chair_67.jpg,chair
chair_236.jpg,chair
chair_204.jpg,chair
chair_1041.jpg,chair
chair_576.jpg,chair
chair_688.jpg,chair
chair_338.jpg,chair
chair_1330.jpg,chair
chair_949.jpg,chair
chair_1252.jpg,chair
chair_990.jpg,chair
chair_1184.jpg,chair
chair_923.jpg,chair
chair_1413.jpg,chair
chair_1034.jpg,chair
chair_307.jpg,chair
chair_42.jpg,chair
chair_259.jpg,chair
chair_1152.jpg,chair
chair_173.jpg,chair
chair_52.jpg,chair
chair_121.jpg,chair
chair_595.jpg,chair
chair_585.jpg,chair
chair_355.jpg,chair
chair_553.jpg,chair
chair_1378.jpg,chair
chair_1119.jpg,chair
chair_333.jpg,chair
chair_1281.jpg,chair
chair_1067.jpg,chair
chair_1437.jpg,chair
chair_390.jpg,chair
chair_88.jpg,chair
chair_935.jpg,chair
chair_626.jpg,chair
chair_837.jpg,chair
chair_1333.jpg,chair
chair_1318.jpg,chair
chair_1299.jpg,chair
chair_274.jpg,chair
chair_143.jpg,chair
chair_447.jpg,chair
chair_190.jpg,chair
chair_111.jpg,chair
chair_535.jpg,chair
chair_1201.jpg,chair
chair_253.jpg,chair
chair_214.jpg,chair
chair_1045.jpg,chair
chair_983.jpg,chair
chair_397.jpg,chair
chair_1150.jpg,chair
chair_1198.jpg,chair
chair_1370.jpg,chair
chair_641.jpg,chair
chair_1105.jpg,chair
chair_50.jpg,chair
chair_1305.jpg,chair
chair_20.jpg,chair
chair_1144.jpg,chair
chair_64.jpg,chair
chair_1270.jpg,chair
chair_349.jpg,chair
chair_605.jpg,chair
chair_959.jpg,chair
chair_61.jpg,chair
chair_1381.jpg,chair
chair_766.jpg,chair
chair_1256.jpg,chair
chair_695.jpg,chair
chair_986.jpg,chair
chair_317.jpg,chair
chair_593.jpg,chair
chair_564.jpg,chair
chair_586.jpg,chair
chair_394.jpg,chair
chair_780.jpg,chair
chair_745.jpg,chair
chair_965.jpg,chair
chair_874.jpg,chair
chair_720.jpg,chair
chair_1405.jpg,chair
chair_1009.jpg,chair
chair_216.jpg,chair
chair_454.jpg,chair
chair_912.jpg,chair
chair_580.jpg,chair
chair_476.jpg,chair
chair_1070.jpg,chair
chair_372.jpg,chair
chair_1025.jpg,chair
chair_1388.jpg,chair
chair_1422.jpg,chair
chair_439.jpg,chair
chair_895.jpg,chair
chair_1390.jpg,chair
chair_1334.jpg,chair
chair_94.jpg,chair
chair_921.jpg,chair
chair_217.jpg,chair
chair_832.jpg,chair
chair_1127.jpg,chair
chair_49.jpg,chair
chair_1254.jpg,chair
chair_1187.jpg,chair
chair_248.jpg,chair
chair_882.jpg,chair
chair_893.jpg,chair
chair_306.jpg,chair
chair_308.jpg,chair
chair_1182.jpg,chair
chair_618.jpg,chair
chair_526.jpg,chair
chair_293.jpg,chair
chair_10.jpg,chair
chair_775.jpg,chair
chair_599.jpg,chair
chair_1354.jpg,chair
chair_1212.jpg,chair
chair_1222.jpg,chair
chair_1312.jpg,chair
chair_635.jpg,chair
chair_980.jpg,chair
chair_1247.jpg,chair
chair_452.jpg,chair
chair_964.jpg,chair
chair_509.jpg,chair
chair_967.jpg,chair
chair_462.jpg,chair
chair_23.jpg,chair
chair_9.jpg,chair
chair_195.jpg,chair
chair_771.jpg,chair
chair_1264.jpg,chair
chair_477.jpg,chair
chair_1083.jpg,chair
chair_1206.jpg,chair
chair_224.jpg,chair
chair_594.jpg,chair
chair_700.jpg,chair
chair_853.jpg,chair
chair_1343.jpg,chair
chair_41.jpg,chair
chair_1089.jpg,chair
chair_227.jpg,chair
chair_267.jpg,chair
chair_1086.jpg,chair
chair_749.jpg,chair
chair_425.jpg,chair
chair_261.jpg,chair
chair_726.jpg,chair
chair_792.jpg,chair
chair_327.jpg,chair
chair_380.jpg,chair
chair_1357.jpg,chair
chair_167.jpg,chair
chair_105.jpg,chair
chair_653.jpg,chair
chair_703.jpg,chair
chair_478.jpg,chair
chair_149.jpg,chair
chair_471.jpg,chair
chair_805.jpg,chair
chair_709.jpg,chair
chair_1255.jpg,chair
chair_517.jpg,chair
chair_1202.jpg,chair
chair_1075.jpg,chair
chair_403.jpg,chair
chair_132.jpg,chair
chair_1218.jpg,chair
chair_93.jpg,chair
chair_992.jpg,chair
chair_706.jpg,chair
chair_1339.jpg,chair
chair_481.jpg,chair
chair_474.jpg,chair
chair_1368.jpg,chair
chair_342.jpg,chair
chair_691.jpg,chair
chair_1419.jpg,chair
chair_699.jpg,chair
chair_1283.jpg,chair
chair_383.jpg,chair
chair_915.jpg,chair
chair_657.jpg,chair
chair_995.jpg,chair
chair_1292.jpg,chair
chair_857.jpg,chair
chair_1125.jpg,chair
chair_249.jpg,chair
chair_815.jpg,chair
chair_65.jpg,chair
chair_1429.jpg,chair
chair_1248.jpg,chair
chair_1326.jpg,chair
chair_561.jpg,chair
chair_811.jpg,chair
chair_668.jpg,chair
chair_1340.jpg,chair
chair_128.jpg,chair
chair_528.jpg,chair
chair_1028.jpg,chair
chair_684.jpg,chair
chair_1157.jpg,chair
chair_1304.jpg,chair
chair_1031.jpg,chair
chair_1217.jpg,chair
chair_431.jpg,chair
chair_993.jpg,chair
chair_675.jpg,chair
chair_45.jpg,chair
chair_846.jpg,chair
chair_191.jpg,chair
chair_329.jpg,chair
chair_1425.jpg,chair
chair_1197.jpg,chair
chair_1293.jpg,chair
chair_614.jpg,chair
chair_542.jpg,chair
chair_352.jpg,chair
chair_460.jpg,chair
chair_654.jpg,chair
chair_1250.jpg,chair
chair_1235.jpg,chair
chair_140.jpg,chair
chair_557.jpg,chair
chair_588.jpg,chair
chair_455.jpg,chair
chair_1393.jpg,chair
chair_1287.jpg,chair
chair_970.jpg,chair
chair_503.jpg,chair
chair_786.jpg,chair
chair_871.jpg,chair
chair_232.jpg,chair
chair_1057.jpg,chair
chair_1016.jpg,chair
chair_826.jpg,chair
chair_1095.jpg,chair
chair_219.jpg,chair
chair_1267.jpg,chair
chair_209.jpg,chair
chair_239.jpg,chair
chair_277.jpg,chair
chair_292.jpg,chair
chair_963.jpg,chair
chair_1414.jpg,chair
chair_107.jpg,chair
chair_748.jpg,chair
chair_1347.jpg,chair
chair_753.jpg,chair
chair_943.jpg,chair
chair_530.jpg,chair
chair_973.jpg,chair
chair_694.jpg,chair
chair_264.jpg,chair
chair_1325.jpg,chair
chair_316.jpg,chair
chair_422.jpg,chair
chair_311.jpg,chair
chair_1396.jpg,chair
chair_1162.jpg,chair
chair_376.jpg,chair
chair_241.jpg,chair
chair_1430.jpg,chair
chair_1424.jpg,chair
chair_867.jpg,chair
chair_395.jpg,chair
chair_123.jpg,chair
chair_301.jpg,chair
chair_582.jpg,chair
chair_1140.jpg,chair
chair_1260.jpg,chair
chair_847.jpg,chair
chair_821.jpg,chair
chair_21.jpg,chair
chair_1055.jpg,chair
chair_1386.jpg,chair
chair_1332.jpg,chair
chair_952.jpg,chair
chair_851.jpg,chair
chair_353.jpg,chair
chair_360.jpg,chair
chair_115.jpg,chair
chair_319.jpg,chair
chair_506.jpg,chair
chair_467.jpg,chair
chair_1433.jpg,chair
chair_1279.jpg,chair
chair_1369.jpg,chair
chair_556.jpg,chair
chair_689.jpg,chair
chair_1036.jpg,chair
chair_1007.jpg,chair
chair_322.jpg,chair
chair_1103.jpg,chair
chair_682.jpg,chair
chair_81.jpg,chair
chair_207.jpg,chair
chair_483.jpg,chair
chair_1117.jpg,chair
chair_184.jpg,chair
chair_108.jpg,chair
chair_1047.jpg,chair
chair_260.jpg,chair
chair_113.jpg,chair
chair_579.jpg,chair
chair_8.jpg,chair
chair_106.jpg,chair
chair_86.jpg,chair
chair_142.jpg,chair
chair_1153.jpg,chair
chair_1038.jpg,chair
chair_948.jpg,chair
chair_1072.jpg,chair
chair_188.jpg,chair
chair_736.jpg,chair
chair_1350.jpg,chair
chair_1359.jpg,chair
chair_51.jpg,chair
chair_1356.jpg,chair
chair_412.jpg,chair
chair_350.jpg,chair
chair_909.jpg,chair
chair_679.jpg,chair
chair_391.jpg,chair
chair_420.jpg,chair
chair_1123.jpg,chair
chair_1213.jpg,chair
chair_914.jpg,chair
chair_493.jpg,chair
chair_705.jpg,chair
chair_500.jpg,chair
chair_145.jpg,chair
chair_364.jpg,chair
chair_997.jpg,chair
chair_672.jpg,chair
chair_788.jpg,chair
chair_1244.jpg,chair
chair_873.jpg,chair
chair_808.jpg,chair
chair_1039.jpg,chair
chair_1141.jpg,chair
chair_1351.jpg,chair
chair_508.jpg,chair
chair_186.jpg,chair
chair_634.jpg,chair
chair_450.jpg,chair
chair_658.jpg,chair
chair_60.jpg,chair
chair_761.jpg,chair
chair_168.jpg,chair
chair_543.jpg,chair
chair_176.jpg,chair
chair_1231.jpg,chair
chair_810.jpg,chair
chair_817.jpg,chair
chair_488.jpg,chair
chair_1387.jpg,chair
chair_906.jpg,chair
chair_762.jpg,chair
chair_165.jpg,chair
chair_577.jpg,chair
chair_1194.jpg,chair
chair_552.jpg,chair
chair_19.jpg,chair
chair_101.jpg,chair
chair_1232.jpg,chair
chair_459.jpg,chair
chair_1110.jpg,chair
chair_731.jpg,chair
chair_432.jpg,chair
chair_1169.jpg,chair
chair_631.jpg,chair
chair_291.jpg,chair
chair_711.jpg,chair
chair_1060.jpg,chair
chair_801.jpg,chair
chair_47.jpg,chair
chair_1243.jpg,chair
chair_953.jpg,chair
chair_886.jpg,chair
chair_835.jpg,chair
chair_358.jpg,chair
chair_37.jpg,chair
chair_856.jpg,chair
chair_1216.jpg,chair
chair_841.jpg,chair
chair_346.jpg,chair
chair_1183.jpg,chair
chair_1118.jpg,chair
chair_392.jpg,chair
chair_681.jpg,chair
chair_533.jpg,chair
chair_1074.jpg,chair
chair_1021.jpg,chair
chair_589.jpg,chair
chair_228.jpg,chair
chair_1273.jpg,chair
chair_179.jpg,chair
chair_1022.jpg,chair
chair_18.jpg,chair
chair_156.jpg,chair
chair_269.jpg,chair
chair_1371.jpg,chair
chair_361.jpg,chair
chair_744.jpg,chair
chair_233.jpg,chair
chair_1342.jpg,chair
chair_419.jpg,chair
chair_1210.jpg,chair
chair_1161.jpg,chair
chair_1288.jpg,chair
chair_769.jpg,chair
chair_413.jpg,chair
chair_434.jpg,chair
chair_1245.jpg,chair
chair_89.jpg,chair
chair_567.jpg,chair
chair_648.jpg,chair
chair_1199.jpg,chair
chair_1319.jpg,chair
chair_687.jpg,chair
chair_1107.jpg,chair
chair_26.jpg,chair
chair_1122.jpg,chair
chair_193.jpg,chair
chair_170.jpg,chair
chair_388.jpg,chair
chair_925.jpg,chair
chair_1051.jpg,chair
chair_781.jpg,chair
chair_511.jpg,chair
chair_406.jpg,chair
chair_955.jpg,chair
chair_701.jpg,chair
chair_1401.jpg,chair
chair_1233.jpg,chair
chair_742.jpg,chair
chair_114.jpg,chair
chair_1242.jpg,chair
chair_29.jpg,chair
chair_539.jpg,chair
chair_829.jpg,chair
chair_1303.jpg,chair
chair_708.jpg,chair
chair_1427.jpg,chair
chair_370.jpg,chair
chair_1223.jpg,chair
chair_1246.jpg,chair
chair_939.jpg,chair
chair_732.jpg,chair
chair_924.jpg,chair
chair_1257.jpg,chair
chair_211.jpg,chair
chair_171.jpg,chair
chair_507.jpg,chair
chair_1053.jpg,chair
chair_724.jpg,chair
chair_1115.jpg,chair
chair_304.jpg,chair
chair_976.jpg,chair
chair_1385.jpg,chair
chair_494.jpg,chair
chair_1271.jpg,chair
chair_85.jpg,chair
chair_1002.jpg,chair
chair_1092.jpg,chair
chair_235.jpg,chair
chair_721.jpg,chair
chair_717.jpg,chair
chair_40.jpg,chair
chair_519.jpg,chair
chair_351.jpg,chair
chair_1249.jpg,chair
chair_1001.jpg,chair
chair_643.jpg,chair
chair_1219.jpg,chair
chair_610.jpg,chair
chair_551.jpg,chair
chair_676.jpg,chair
chair_1087.jpg,chair
chair_200.jpg,chair
chair_486.jpg,chair
chair_423.jpg,chair
chair_449.jpg,chair
chair_645.jpg,chair
chair_148.jpg,chair
chair_649.jpg,chair
chair_1146.jpg,chair
chair_31.jpg,chair
chair_282.jpg,chair
chair_1211.jpg,chair
chair_1147.jpg,chair
chair_834.jpg,chair
chair_1120.jpg,chair
chair_133.jpg,chair
chair_1040.jpg,chair
chair_1259.jpg,chair
chair_630.jpg,chair
chair_518.jpg,chair
chair_444.jpg,chair
chair_881.jpg,chair
chair_442.jpg,chair
chair_1383.jpg,chair
chair_1358.jpg,chair
chair_999.jpg,chair
chair_1280.jpg,chair
chair_1407.jpg,chair
chair_902.jpg,chair
chair_830.jpg,chair
chair_1111.jpg,chair
chair_1097.jpg,chair
chair_487.jpg,chair
chair_727.jpg,chair
chair_446.jpg,chair
chair_83.jpg,chair
chair_1128.jpg,chair
chair_501.jpg,chair
chair_1168.jpg,chair
chair_718.jpg,chair
chair_784.jpg,chair
chair_489.jpg,chair
chair_524.jpg,chair
chair_903.jpg,chair
chair_1239.jpg,chair
chair_911.jpg,chair
chair_538.jpg,chair
bed_1071.jpg,bed
bed_673.jpg,bed
bed_418.jpg,bed
bed_1015.jpg,bed
bed_1275.jpg,bed
bed_127.jpg,bed
bed_622.jpg,bed
bed_177.jpg,bed
bed_668.jpg,bed
bed_48.jpg,bed
bed_1244.jpg,bed
bed_135.jpg,bed
bed_800.jpg,bed
bed_909.jpg,bed
bed_440.jpg,bed
bed_124.jpg,bed
bed_364.jpg,bed
bed_951.jpg,bed
bed_415.jpg,bed
bed_656.jpg,bed
bed_776.jpg,bed
bed_276.jpg,bed
bed_1270.jpg,bed
bed_252.jpg,bed
bed_1054.jpg,bed
bed_1003.jpg,bed
bed_670.jpg,bed
bed_655.jpg,bed
bed_1289.jpg,bed
bed_491.jpg,bed
bed_453.jpg,bed
bed_1157.jpg,bed
bed_234.jpg,bed
bed_1147.jpg,bed
bed_1305.jpg,bed
bed_631.jpg,bed
bed_202.jpg,bed
bed_450.jpg,bed
bed_181.jpg,bed
bed_317.jpg,bed
bed_281.jpg,bed
bed_1245.jpg,bed
bed_257.jpg,bed
bed_410.jpg,bed
bed_1242.jpg,bed
bed_878.jpg,bed
bed_439.jpg,bed
bed_318.jpg,bed
bed_1206.jpg,bed
bed_89.jpg,bed
bed_17.jpg,bed
bed_279.jpg,bed
bed_895.jpg,bed
bed_31.jpg,bed
bed_1338.jpg,bed
bed_525.jpg,bed
bed_73.jpg,bed
bed_311.jpg,bed
bed_490.jpg,bed
bed_869.jpg,bed
bed_385.jpg,bed
bed_436.jpg,bed
bed_1213.jpg,bed
bed_1349.jpg,bed
bed_510.jpg,bed
bed_1168.jpg,bed
bed_331.jpg,bed
bed_1150.jpg,bed
bed_688.jpg,bed
bed_113.jpg,bed
bed_556.jpg,bed
bed_534.jpg,bed
bed_687.jpg,bed
bed_1221.jpg,bed
bed_1049.jpg,bed
bed_102.jpg,bed
bed_1183.jpg,bed
bed_502.jpg,bed
bed_595.jpg,bed
bed_699.jpg,bed
bed_108.jpg,bed
bed_148.jpg,bed
bed_548.jpg,bed
bed_360.jpg,bed
bed_797.jpg,bed
bed_1215.jpg,bed
bed_492.jpg,bed
bed_237.jpg,bed
bed_407.jpg,bed
bed_72.jpg,bed
bed_419.jpg,bed
bed_496.jpg,bed
bed_616.jpg,bed
bed_961.jpg,bed
bed_540.jpg,bed
bed_695.jpg,bed
bed_591.jpg,bed
bed_955.jpg,bed
bed_911.jpg,bed
bed_1342.jpg,bed
bed_264.jpg,bed
bed_858.jpg,bed
bed_383.jpg,bed
bed_1136.jpg,bed
bed_336.jpg,bed
bed_1362.jpg,bed
bed_474.jpg,bed
bed_1236.jpg,bed
bed_1160.jpg,bed
bed_210.jpg,bed
bed_1146.jpg,bed
bed_1175.jpg,bed
bed_485.jpg,bed
bed_1111.jpg,bed
bed_843.jpg,bed
bed_998.jpg,bed
bed_260.jpg,bed
bed_310.jpg,bed
bed_1226.jpg,bed
bed_1297.jpg,bed
bed_755.jpg,bed
bed_213.jpg,bed
bed_287.jpg,bed
bed_1343.jpg,bed
bed_61.jpg,bed
bed_489.jpg,bed
bed_199.jpg,bed
bed_79.jpg,bed
bed_1187.jpg,bed
bed_550.jpg,bed
bed_1161.jpg,bed
bed_1189.jpg,bed
bed_665.jpg,bed
bed_71.jpg,bed
bed_212.jpg,bed
bed_1025.jpg,bed
bed_397.jpg,bed
bed_612.jpg,bed
bed_1285.jpg,bed
bed_1064.jpg,bed
bed_171.jpg,bed
bed_919.jpg,bed
bed_757.jpg,bed
bed_1016.jpg,bed
bed_475.jpg,bed
bed_186.jpg,bed
bed_805.jpg,bed
bed_1284.jpg,bed
bed_740.jpg,bed
bed_1346.jpg,bed
bed_261.jpg,bed
bed_1167.jpg,bed
bed_299.jpg,bed
bed_371.jpg,bed
bed_468.jpg,bed
bed_605.jpg,bed
bed_39.jpg,bed
bed_64.jpg,bed
bed_278.jpg,bed
bed_427.jpg,bed
bed_1106.jpg,bed
bed_42.jpg,bed
bed_587.jpg,bed
bed_323.jpg,bed
bed_798.jpg,bed
bed_1203.jpg,bed
bed_555.jpg,bed
bed_2.jpg,bed
bed_833.jpg,bed
bed_744.jpg,bed
bed_388.jpg,bed
bed_23.jpg,bed
bed_779.jpg,bed
bed_1283.jpg,bed
bed_1058.jpg,bed
bed_173.jpg,bed
bed_505.jpg,bed
bed_1258.jpg,bed
bed_91.jpg,bed
bed_1117.jpg,bed
bed_255.jpg,bed
bed_563.jpg,bed
bed_1353.jpg,bed
bed_445.jpg,bed
bed_1204.jpg,bed
bed_29.jpg,bed
bed_1112.jpg,bed
bed_246.jpg,bed
bed_138.jpg,bed
bed_713.jpg,bed
bed_1166.jpg,bed
bed_216.jpg,bed
bed_1089.jpg,bed
bed_1229.jpg,bed
bed_659.jpg,bed
bed_97.jpg,bed
bed_1308.jpg,bed
bed_652.jpg,bed
bed_1210.jpg,bed
bed_1272.jpg,bed
bed_810.jpg,bed
bed_976.jpg,bed
bed_1055.jpg,bed
bed_325.jpg,bed
bed_520.jpg,bed
bed_901.jpg,bed
bed_315.jpg,bed
bed_729.jpg,bed
bed_232.jpg,bed
bed_1281.jpg,bed
bed_527.jpg,bed
bed_165.jpg,bed
bed_666.jpg,bed
bed_467.jpg,bed
bed_189.jpg,bed
bed_227.jpg,bed
bed_392.jpg,bed
bed_1077.jpg,bed
bed_564.jpg,bed
bed_569.jpg,bed
bed_307.jpg,bed
bed_952.jpg,bed
bed_1184.jpg,bed
bed_1205.jpg,bed
bed_501.jpg,bed
bed_1262.jpg,bed
bed_231.jpg,bed
bed_940.jpg,bed
bed_970.jpg,bed
bed_69.jpg,bed
bed_559.jpg,bed
bed_809.jpg,bed
bed_289.jpg,bed
bed_461.jpg,bed
bed_572.jpg,bed
bed_625.jpg,bed
bed_242.jpg,bed
bed_1143.jpg,bed
bed_777.jpg,bed
bed_1227.jpg,bed
bed_1085.jpg,bed
bed_598.jpg,bed
bed_821.jpg,bed
bed_971.jpg,bed
bed_235.jpg,bed
bed_1083.jpg,bed
bed_856.jpg,bed
bed_114.jpg,bed
bed_270.jpg,bed
bed_1050.jpg,bed
bed_25.jpg,bed
bed_494.jpg,bed
bed_321.jpg,bed
bed_368.jpg,bed
bed_123.jpg,bed
bed_632.jpg,bed
bed_495.jpg,bed
bed_330.jpg,bed
bed_358.jpg,bed
bed_129.jpg,bed
bed_1107.jpg,bed
bed_518.jpg,bed
bed_836.jpg,bed
bed_512.jpg,bed
bed_154.jpg,bed
bed_354.jpg,bed
bed_363.jpg,bed
bed_1357.jpg,bed
bed_409.jpg,bed
bed_509.jpg,bed
bed_1036.jpg,bed
bed_760.jpg,bed
bed_630.jpg,bed
bed_284.jpg,bed
bed_1056.jpg,bed
bed_8.jpg,bed
bed_832.jpg,bed
bed_1330.jpg,bed
bed_1133.jpg,bed
bed_1082.jpg,bed
bed_201.jpg,bed
bed_827.jpg,bed
bed_1113.jpg,bed
bed_469.jpg,bed
bed_936.jpg,bed
bed_18.jpg,bed
bed_111.jpg,bed
bed_428.jpg,bed
bed_746.jpg,bed
bed_153.jpg,bed
bed_565.jpg,bed
bed_568.jpg,bed
bed_30.jpg,bed
bed_783.jpg,bed
bed_1348.jpg,bed
bed_457.jpg,bed
bed_290.jpg,bed
bed_32.jpg,bed
bed_531.jpg,bed
bed_781.jpg,bed
bed_52.jpg,bed
bed_1043.jpg,bed
bed_1232.jpg,bed
bed_1223.jpg,bed
bed_60.jpg,bed
bed_1026.jpg,bed
bed_772.jpg,bed
bed_118.jpg,bed
bed_1347.jpg,bed
bed_241.jpg,bed
bed_326.jpg,bed
bed_437.jpg,bed
bed_297.jpg,bed
bed_802.jpg,bed
bed_850.jpg,bed
bed_1176.jpg,bed
bed_12.jpg,bed
bed_719.jpg,bed
bed_705.jpg,bed
bed_1230.jpg,bed
bed_1309.jpg,bed
bed_1193.jpg,bed
bed_1366.jpg,bed
bed_176.jpg,bed
bed_596.jpg,bed
bed_649.jpg,bed
bed_855.jpg,bed
bed_1171.jpg,bed
bed_134.jpg,bed
bed_1318.jpg,bed
bed_443.jpg,bed
bed_149.jpg,bed
bed_84.jpg,bed
bed_621.jpg,bed
bed_848.jpg,bed
bed_1248.jpg,bed
bed_751.jpg,bed
bed_1246.jpg,bed
bed_361.jpg,bed
bed_1121.jpg,bed
bed_1061.jpg,bed
bed_818.jpg,bed
bed_1254.jpg,bed
bed_1165.jpg,bed
bed_155.jpg,bed
bed_1211.jpg,bed
bed_254.jpg,bed
bed_394.jpg,bed
bed_819.jpg,bed
bed_130.jpg,bed
bed_370.jpg,bed
bed_14.jpg,bed
bed_1140.jpg,bed
bed_703.jpg,bed
bed_277.jpg,bed
bed_459.jpg,bed
bed_905.jpg,bed
bed_1185.jpg,bed
bed_156.jpg,bed
bed_791.jpg,bed
bed_429.jpg,bed
bed_350.jpg,bed
bed_389.jpg,bed
bed_937.jpg,bed
bed_962.jpg,bed
bed_867.jpg,bed
bed_1010.jpg,bed
bed_737.jpg,bed
bed_105.jpg,bed
bed_669.jpg,bed
bed_337.jpg,bed
bed_868.jpg,bed
bed_882.jpg,bed
bed_83.jpg,bed
bed_1271.jpg,bed
bed_872.jpg,bed
bed_203.jpg,bed
bed_37.jpg,bed
bed_1354.jpg,bed
bed_1207.jpg,bed
bed_742.jpg,bed
bed_168.jpg,bed
bed_602.jpg,bed
bed_44.jpg,bed
bed_885.jpg,bed
bed_82.jpg,bed
bed_1333.jpg,bed
bed_214.jpg,bed
bed_316.jpg,bed
bed_1119.jpg,bed
bed_422.jpg,bed
bed_732.jpg,bed
bed_590.jpg,bed
bed_75.jpg,bed
bed_764.jpg,bed
bed_1292.jpg,bed
bed_132.jpg,bed
bed_98.jpg,bed
bed_1220.jpg,bed
bed_1212.jpg,bed
bed_1295.jpg,bed
bed_433.jpg,bed
bed_881.jpg,bed
bed_1344.jpg,bed
bed_1053.jpg,bed
bed_513.jpg,bed
bed_923.jpg,bed
bed_302.jpg,bed
bed_706.jpg,bed
bed_507.jpg,bed
bed_676.jpg,bed
bed_788.jpg,bed
bed_342.jpg,bed
bed_348.jpg,bed
bed_820.jpg,bed
bed_240.jpg,bed
bed_67.jpg,bed
bed_537.jpg,bed
bed_62.jpg,bed
bed_859.jpg,bed
bed_920.jpg,bed
bed_877.jpg,bed
bed_425.jpg,bed
bed_990.jpg,bed
bed_785.jpg,bed
bed_883.jpg,bed
bed_894.jpg,bed
bed_484.jpg,bed
bed_823.jpg,bed
bed_1273.jpg,bed
bed_974.jpg,bed
bed_1209.jpg,bed
bed_745.jpg,bed
bed_583.jpg,bed
bed_780.jpg,bed
bed_931.jpg,bed
bed_1001.jpg,bed
bed_1132.jpg,bed
bed_356.jpg,bed
bed_899.jpg,bed
bed_1125.jpg,bed
bed_1164.jpg,bed
bed_1374.jpg,bed
bed_620.jpg,bed
bed_253.jpg,bed
bed_1104.jpg,bed
bed_1301.jpg,bed
bed_723.jpg,bed
bed_1138.jpg,bed
bed_182.jpg,bed
bed_790.jpg,bed
bed_884.jpg,bed
bed_151.jpg,bed
bed_1216.jpg,bed
bed_248.jpg,bed
bed_708.jpg,bed
bed_842.jpg,bed
bed_1154.jpg,bed
bed_551.jpg,bed
bed_530.jpg,bed
bed_380.jpg,bed
bed_567.jpg,bed
bed_944.jpg,bed
bed_319.jpg,bed
bed_40.jpg,bed
bed_327.jpg,bed
bed_456.jpg,bed
bed_935.jpg,bed
bed_1294.jpg,bed
bed_1139.jpg,bed
bed_1296.jpg,bed
bed_1219.jpg,bed
bed_636.jpg,bed
bed_76.jpg,bed
bed_947.jpg,bed
bed_747.jpg,bed
bed_175.jpg,bed
bed_519.jpg,bed
bed_362.jpg,bed
bed_1069.jpg,bed
bed_1066.jpg,bed
bed_217.jpg,bed
bed_982.jpg,bed
bed_932.jpg,bed
bed_845.jpg,bed
bed_1017.jpg,bed
bed_978.jpg,bed
bed_386.jpg,bed
bed_801.jpg,bed
bed_275.jpg,bed
bed_1080.jpg,bed
bed_120.jpg,bed
bed_593.jpg,bed
bed_846.jpg,bed
bed_441.jpg,bed
bed_804.jpg,bed
bed_1335.jpg,bed
bed_1317.jpg,bed
bed_1324.jpg,bed
bed_334.jpg,bed
bed_161.jpg,bed
bed_215.jpg,bed
bed_376.jpg,bed
bed_1365.jpg,bed
bed_679.jpg,bed
bed_748.jpg,bed
bed_896.jpg,bed
bed_1022.jpg,bed
bed_1323.jpg,bed
bed_1214.jpg,bed
bed_223.jpg,bed
bed_1311.jpg,bed
bed_503.jpg,bed
bed_85.jpg,bed
bed_1014.jpg,bed
bed_1012.jpg,bed
bed_1159.jpg,bed
bed_686.jpg,bed
bed_5.jpg,bed
bed_1217.jpg,bed
bed_90.jpg,bed
bed_140.jpg,bed
bed_1277.jpg,bed
bed_381.jpg,bed
bed_897.jpg,bed
bed_233.jpg,bed
bed_454.jpg,bed
bed_125.jpg,bed
bed_460.jpg,bed
bed_1105.jpg,bed
bed_280.jpg,bed
bed_778.jpg,bed
bed_667.jpg,bed
bed_650.jpg,bed
bed_106.jpg,bed
bed_547.jpg,bed
bed_822.jpg,bed
bed_387.jpg,bed
bed_992.jpg,bed
bed_353.jpg,bed
bed_107.jpg,bed
bed_1369.jpg,bed
bed_34.jpg,bed
bed_1329.jpg,bed
bed_969.jpg,bed
bed_160.jpg,bed
bed_366.jpg,bed
bed_411.jpg,bed
bed_144.jpg,bed
bed_758.jpg,bed
bed_271.jpg,bed
bed_728.jpg,bed
bed_694.jpg,bed
bed_1321.jpg,bed
bed_341.jpg,bed
bed_996.jpg,bed
bed_391.jpg,bed
bed_174.jpg,bed
bed_959.jpg,bed
bed_903.jpg,bed
bed_718.jpg,bed
bed_539.jpg,bed
bed_734.jpg,bed
bed_815.jpg,bed
bed_1315.jpg,bed
bed_16.jpg,bed
bed_198.jpg,bed
bed_864.jpg,bed
bed_464.jpg,bed
bed_696.jpg,bed
bed_1340.jpg,bed
bed_355.jpg,bed
bed_1316.jpg,bed
bed_930.jpg,bed
bed_493.jpg,bed
bed_1228.jpg,bed
bed_301.jpg,bed
bed_413.jpg,bed
bed_476.jpg,bed
bed_910.jpg,bed
bed_645.jpg,bed
bed_1233.jpg,bed
bed_678.jpg,bed
bed_968.jpg,bed
bed_900.jpg,bed
bed_1299.jpg,bed
bed_1252.jpg,bed
bed_219.jpg,bed
bed_442.jpg,bed
bed_916.jpg,bed
bed_535.jpg,bed
bed_207.jpg,bed
bed_206.jpg,bed
bed_775.jpg,bed
bed_542.jpg,bed
bed_1293.jpg,bed
bed_1247.jpg,bed
bed_552.jpg,bed
bed_560.jpg,bed
bed_608.jpg,bed
bed_839.jpg,bed
bed_1126.jpg,bed
bed_1023.jpg,bed
bed_1224.jpg,bed
bed_446.jpg,bed
bed_143.jpg,bed
bed_950.jpg,bed
bed_1075.jpg,bed
bed_256.jpg,bed
bed_187.jpg,bed
bed_1177.jpg,bed
bed_309.jpg,bed
bed_1005.jpg,bed
bed_714.jpg,bed
bed_986.jpg,bed
bed_367.jpg,bed
bed_888.jpg,bed
bed_312.jpg,bed
bed_431.jpg,bed
bed_617.jpg,bed
bed_6.jpg,bed
bed_1199.jpg,bed
bed_122.jpg,bed
bed_266.jpg,bed
bed_1257.jpg,bed
bed_162.jpg,bed
bed_1361.jpg,bed
bed_618.jpg,bed
bed_483.jpg,bed
bed_975.jpg,bed
bed_230.jpg,bed
bed_384.jpg,bed
bed_928.jpg,bed
bed_423.jpg,bed
bed_306.jpg,bed
bed_624.jpg,bed
bed_997.jpg,bed
bed_627.jpg,bed
bed_1034.jpg,bed
bed_566.jpg,bed
bed_1051.jpg,bed
bed_1302.jpg,bed
bed_1123.jpg,bed
bed_1363.jpg,bed
bed_515.jpg,bed
bed_1142.jpg,bed
bed_657.jpg,bed
bed_690.jpg,bed
bed_860.jpg,bed
bed_1282.jpg,bed
bed_917.jpg,bed
bed_403.jpg,bed
bed_399.jpg,bed
bed_1128.jpg,bed
bed_1155.jpg,bed
bed_824.jpg,bed
bed_1156.jpg,bed
bed_497.jpg,bed
bed_19.jpg,bed
bed_142.jpg,bed
bed_963.jpg,bed
bed_660.jpg,bed
bed_1115.jpg,bed
bed_463.jpg,bed
bed_259.jpg,bed
bed_390.jpg,bed
bed_943.jpg,bed
bed_78.jpg,bed
bed_735.jpg,bed
bed_837.jpg,bed
bed_1047.jpg,bed
bed_481.jpg,bed
bed_63.jpg,bed
bed_658.jpg,bed
bed_528.jpg,bed
bed_458.jpg,bed
bed_305.jpg,bed
bed_412.jpg,bed
bed_267.jpg,bed
bed_773.jpg,bed
bed_1097.jpg,bed
bed_763.jpg,bed
bed_904.jpg,bed
bed_765.jpg,bed
bed_365.jpg,bed
bed_880.jpg,bed
bed_570.jpg,bed
bed_228.jpg,bed
bed_642.jpg,bed
bed_378.jpg,bed
bed_7.jpg,bed
bed_1256.jpg,bed
bed_68.jpg,bed
bed_499.jpg,bed
bed_126.jpg,bed
bed_1096.jpg,bed
bed_902.jpg,bed
bed_646.jpg,bed
bed_553.jpg,bed
bed_684.jpg,bed
bed_806.jpg,bed
bed_546.jpg,bed
bed_340.jpg,bed
bed_600.jpg,bed
bed_46.jpg,bed
bed_164.jpg,bed
bed_285.jpg,bed
bed_514.jpg,bed
bed_871.jpg,bed
bed_193.jpg,bed
bed_86.jpg,bed
bed_236.jpg,bed
bed_1038.jpg,bed
bed_808.jpg,bed
bed_104.jpg,bed
bed_912.jpg,bed
bed_159.jpg,bed
bed_88.jpg,bed
bed_1200.jpg,bed
bed_782.jpg,bed
bed_1135.jpg,bed
bed_898.jpg,bed
bed_369.jpg,bed
bed_1048.jpg,bed
bed_866.jpg,bed
bed_1310.jpg,bed
bed_243.jpg,bed
bed_682.jpg,bed
bed_1042.jpg,bed
bed_1332.jpg,bed
bed_1087.jpg,bed
bed_854.jpg,bed
bed_1241.jpg,bed
bed_762.jpg,bed
bed_3.jpg,bed
bed_434.jpg,bed
bed_1099.jpg,bed
bed_304.jpg,bed
bed_1102.jpg,bed
bed_851.jpg,bed
bed_1196.jpg,bed
bed_1178.jpg,bed
bed_784.jpg,bed
bed_609.jpg,bed
bed_249.jpg,bed
bed_701.jpg,bed
bed_849.jpg,bed
bed_1134.jpg,bed
bed_500.jpg,bed
bed_987.jpg,bed
bed_1345.jpg,bed
bed_1129.jpg,bed
bed_633.jpg,bed
bed_1312.jpg,bed
bed_960.jpg,bed
bed_51.jpg,bed
bed_451.jpg,bed
bed_1108.jpg,bed
bed_447.jpg,bed
bed_320.jpg,bed
bed_1158.jpg,bed
bed_1237.jpg,bed
bed_594.jpg,bed
bed_209.jpg,bed
bed_112.jpg,bed
bed_1356.jpg,bed
bed_109.jpg,bed
bed_736.jpg,bed
bed_817.jpg,bed
bed_400.jpg,bed
bed_517.jpg,bed
bed_283.jpg,bed
bed_1238.jpg,bed
bed_1279.jpg,bed
bed_934.jpg,bed
bed_1239.jpg,bed
bed_222.jpg,bed
bed_830.jpg,bed
bed_1011.jpg,bed
bed_9.jpg,bed
bed_759.jpg,bed
bed_352.jpg,bed
bed_1255.jpg,bed
bed_661.jpg,bed
bed_322.jpg,bed
bed_139.jpg,bed
bed_373.jpg,bed
bed_831.jpg,bed
bed_313.jpg,bed
bed_238.jpg,bed
bed_1174.jpg,bed
bed_1035.jpg,bed
bed_1084.jpg,bed
bed_874.jpg,bed
bed_771.jpg,bed
bed_291.jpg,bed
bed_372.jpg,bed
bed_74.jpg,bed
bed_375.jpg,bed
bed_1278.jpg,bed
bed_890.jpg,bed
bed_840.jpg,bed
bed_1.jpg,bed
bed_374.jpg,bed
bed_479.jpg,bed
bed_382.jpg,bed
bed_498.jpg,bed
bed_939.jpg,bed
bed_36.jpg,bed
bed_33.jpg,bed
bed_1322.jpg,bed
bed_799.jpg,bed
bed_1149.jpg,bed
bed_185.jpg,bed
bed_100.jpg,bed
bed_582.jpg,bed
bed_561.jpg,bed
bed_1072.jpg,bed
bed_581.jpg,bed
bed_147.jpg,bed
bed_862.jpg,bed
bed_115.jpg,bed
bed_1170.jpg,bed
bed_768.jpg,bed
bed_188.jpg,bed
bed_1240.jpg,bed
bed_482.jpg,bed
bed_308.jpg,bed
bed_1326.jpg,bed
bed_793.jpg,bed
bed_586.jpg,bed
bed_543.jpg,bed
bed_99.jpg,bed
bed_597.jpg,bed
bed_269.jpg,bed
bed_81.jpg,bed
bed_205.jpg,bed
bed_1234.jpg,bed
bed_1188.jpg,bed
bed_1094.jpg,bed
bed_1141.jpg,bed
bed_141.jpg,bed
bed_294.jpg,bed
bed_1265.jpg,bed
bed_444.jpg,bed
bed_70.jpg,bed
bed_265.jpg,bed
bed_1163.jpg,bed
bed_486.jpg,bed
bed_756.jpg,bed
bed_87.jpg,bed
bed_332.jpg,bed
bed_979.jpg,bed
bed_180.jpg,bed
bed_1098.jpg,bed
bed_672.jpg,bed
bed_480.jpg,bed
bed_195.jpg,bed
bed_21.jpg,bed
bed_918.jpg,bed
bed_965.jpg,bed
bed_508.jpg,bed
bed_794.jpg,bed
bed_398.jpg,bed
bed_13.jpg,bed
bed_606.jpg,bed
bed_1122.jpg,bed
bed_26.jpg,bed
bed_807.jpg,bed
bed_1259.jpg,bed
bed_117.jpg,bed
bed_1186.jpg,bed
bed_953.jpg,bed
bed_1137.jpg,bed
bed_56.jpg,bed
bed_613.jpg,bed
bed_1251.jpg,bed
bed_96.jpg,bed
bed_639.jpg,bed
bed_377.jpg,bed
bed_417.jpg,bed
bed_49.jpg,bed
bed_328.jpg,bed
bed_847.jpg,bed
bed_1370.jpg,bed
bed_538.jpg,bed
bed_345.jpg,bed
bed_1222.jpg,bed
bed_1195.jpg,bed
bed_470.jpg,bed
bed_603.jpg,bed
bed_1376.jpg,bed
bed_1274.jpg,bed
bed_1057.jpg,bed
bed_1367.jpg,bed
bed_53.jpg,bed
bed_1067.jpg,bed
bed_879.jpg,bed
bed_908.jpg,bed
bed_157.jpg,bed
bed_1148.jpg,bed
bed_648.jpg,bed
bed_1194.jpg,bed
bed_11.jpg,bed
bed_1031.jpg,bed
bed_554.jpg,bed
bed_395.jpg,bed
bed_750.jpg,bed
bed_664.jpg,bed
bed_957.jpg,bed
bed_1008.jpg,bed
bed_995.jpg,bed
bed_1065.jpg,bed
bed_671.jpg,bed
bed_103.jpg,bed
bed_1331.jpg,bed
bed_1325.jpg,bed
bed_795.jpg,bed
bed_1291.jpg,bed
bed_592.jpg,bed
bed_813.jpg,bed
bed_628.jpg,bed
bed_1068.jpg,bed
bed_700.jpg,bed
bed_1060.jpg,bed
bed_769.jpg,bed
bed_731.jpg,bed
bed_1313.jpg,bed
bed_1288.jpg,bed
bed_571.jpg,bed
bed_1145.jpg,bed
bed_421.jpg,bed
bed_1359.jpg,bed
bed_1091.jpg,bed
bed_651.jpg,bed
bed_1059.jpg,bed
bed_647.jpg,bed
bed_876.jpg,bed
bed_268.jpg,bed
bed_522.jpg,bed
bed_1198.jpg,bed
bed_1179.jpg,bed
bed_584.jpg,bed
bed_1124.jpg,bed
bed_1303.jpg,bed
bed_1314.jpg,bed
bed_1088.jpg,bed
bed_477.jpg,bed
bed_1364.jpg,bed
bed_1280.jpg,bed
bed_396.jpg,bed
bed_576.jpg,bed
bed_506.jpg,bed
bed_1208.jpg,bed
bed_101.jpg,bed
bed_1358.jpg,bed
bed_993.jpg,bed
bed_816.jpg,bed
bed_158.jpg,bed
bed_166.jpg,bed
bed_77.jpg,bed
bed_131.jpg,bed
bed_707.jpg,bed
bed_488.jpg,bed
bed_766.jpg,bed
bed_980.jpg,bed
bed_674.jpg,bed
bed_184.jpg,bed
bed_1130.jpg,bed
bed_991.jpg,bed
bed_589.jpg,bed
bed_487.jpg,bed
bed_191.jpg,bed
bed_999.jpg,bed
bed_985.jpg,bed
bed_1120.jpg,bed
bed_1180.jpg,bed
bed_1235.jpg,bed
bed_966.jpg,bed
bed_183.jpg,bed
bed_774.jpg,bed
bed_914.jpg,bed
bed_1300.jpg,bed
bed_41.jpg,bed
bed_1021.jpg,bed
bed_727.jpg,bed
bed_1319.jpg,bed
bed_693.jpg,bed
bed_65.jpg,bed
bed_1092.jpg,bed
bed_835.jpg,bed
bed_247.jpg,bed
bed_689.jpg,bed
bed_579.jpg,bed
bed_1341.jpg,bed
bed_1327.jpg,bed
bed_178.jpg,bed
bed_610.jpg,bed
bed_1225.jpg,bed
bed_293.jpg,bed
bed_347.jpg,bed
bed_359.jpg,bed
bed_27.jpg,bed
bed_1360.jpg,bed
bed_121.jpg,bed
bed_24.jpg,bed
bed_946.jpg,bed
bed_1298.jpg,bed
bed_691.jpg,bed
bed_136.jpg,bed
bed_339.jpg,bed
bed_892.jpg,bed
bed_516.jpg,bed
bed_683.jpg,bed
bed_1033.jpg,bed
bed_865.jpg,bed
bed_414.jpg,bed
bed_282.jpg,bed
bed_677.jpg,bed
bed_47.jpg,bed
bed_298.jpg,bed
bed_637.jpg,bed
bed_796.jpg,bed
bed_629.jpg,bed
bed_741.jpg,bed
bed_1276.jpg,bed
bed_724.jpg,bed
bed_1339.jpg,bed
bed_635.jpg,bed
bed_225.jpg,bed
bed_229.jpg,bed
bed_208.jpg,bed
bed_927.jpg,bed
bed_1173.jpg,bed
bed_1027.jpg,bed
bed_1044.jpg,bed
bed_662.jpg,bed
bed_907.jpg,bed
bed_611.jpg,bed
bed_145.jpg,bed
bed_1131.jpg,bed
bed_761.jpg,bed
bed_218.jpg,bed
bed_733.jpg,bed
bed_66.jpg,bed
bed_838.jpg,bed
bed_626.jpg,bed
bed_988.jpg,bed
bed_1079.jpg,bed
bed_615.jpg,bed
bed_949.jpg,bed
bed_521.jpg,bed
bed_726.jpg,bed
bed_146.jpg,bed
bed_1328.jpg,bed
bed_1307.jpg,bed
bed_1076.jpg,bed
bed_1078.jpg,bed
bed_1009.jpg,bed
bed_179.jpg,bed
bed_964.jpg,bed
bed_945.jpg,bed
bed_983.jpg,bed
bed_137.jpg,bed
bed_886.jpg,bed
bed_1290.jpg,bed
bed_933.jpg,bed
bed_50.jpg,bed
bed_45.jpg,bed
bed_722.jpg,bed
bed_1073.jpg,bed
bed_448.jpg,bed
bed_526.jpg,bed
bed_1028.jpg,bed
bed_80.jpg,bed
bed_825.jpg,bed
bed_789.jpg,bed
bed_54.jpg,bed
bed_1190.jpg,bed
bed_1046.jpg,bed
bed_926.jpg,bed
bed_167.jpg,bed
bed_43.jpg,bed
bed_640.jpg,bed
bed_1109.jpg,bed
bed_523.jpg,bed
bed_536.jpg,bed
bed_1191.jpg,bed
bed_314.jpg,bed
bed_57.jpg,bed
bed_863.jpg,bed
bed_715.jpg,bed
bed_1118.jpg,bed
bed_338.jpg,bed
bed_829.jpg,bed
bed_1024.jpg,bed
bed_1152.jpg,bed
bed_55.jpg,bed
bed_335.jpg,bed
bed_1110.jpg,bed
bed_721.jpg,bed
bed_948.jpg,bed
bed_262.jpg,bed
bed_303.jpg,bed
bed_857.jpg,bed
bed_654.jpg,bed
bed_221.jpg,bed
bed_588.jpg,bed
bed_893.jpg,bed
bed_1372.jpg,bed
bed_873.jpg,bed
bed_575.jpg,bed
bed_1320.jpg,bed
bed_754.jpg,bed
bed_1268.jpg,bed
bed_925.jpg,bed
bed_738.jpg,bed
bed_573.jpg,bed
bed_578.jpg,bed
bed_239.jpg,bed
bed_685.jpg,bed
bed_853.jpg,bed
bed_716.jpg,bed
bed_38.jpg,bed
bed_204.jpg,bed
bed_558.jpg,bed
bed_455.jpg,bed
bed_680.jpg,bed
bed_438.jpg,bed
bed_1352.jpg,bed
bed_224.jpg,bed
bed_852.jpg,bed
bed_35.jpg,bed
bed_913.jpg,bed
bed_826.jpg,bed
bed_709.jpg,bed
bed_1350.jpg,bed
bed_1355.jpg,bed
bed_393.jpg,bed
bed_972.jpg,bed
bed_967.jpg,bed
bed_577.jpg,bed
bed_408.jpg,bed
bed_544.jpg,bed
bed_638.jpg,bed
bed_958.jpg,bed
bed_644.jpg,bed
bed_286.jpg,bed
bed_954.jpg,bed
bed_1267.jpg,bed
bed_870.jpg,bed
bed_1101.jpg,bed
bed_529.jpg,bed
bed_770.jpg,bed
bed_1250.jpg,bed
bed_424.jpg,bed
bed_753.jpg,bed
bed_681.jpg,bed
bed_786.jpg,bed
bed_346.jpg,bed
bed_150.jpg,bed
bed_1013.jpg,bed
bed_861.jpg,bed
bed_545.jpg,bed
bed_163.jpg,bed
bed_1197.jpg,bed
bed_1029.jpg,bed
bed_406.jpg,bed
bed_844.jpg,bed
bed_767.jpg,bed
bed_128.jpg,bed
bed_942.jpg,bed
bed_984.jpg,bed
bed_416.jpg,bed
bed_1062.jpg,bed
bed_994.jpg,bed
bed_1287.jpg,bed
bed_1261.jpg,bed
bed_1334.jpg,bed
bed_1114.jpg,bed
bed_511.jpg,bed
bed_452.jpg,bed
bed_730.jpg,bed
bed_1074.jpg,bed
bed_956.jpg,bed
bed_435.jpg,bed
bed_92.jpg,bed
bed_1127.jpg,bed
bed_274.jpg,bed
bed_449.jpg,bed
bed_1169.jpg,bed
bed_244.jpg,bed
bed_599.jpg,bed
bed_1337.jpg,bed
bed_357.jpg,bed
bed_4.jpg,bed
bed_401.jpg,bed
bed_190.jpg,bed
bed_634.jpg,bed
bed_1063.jpg,bed
bed_426.jpg,bed
bed_524.jpg,bed
bed_1304.jpg,bed
bed_170.jpg,bed
bed_15.jpg,bed
bed_1286.jpg,bed
bed_929.jpg,bed
bed_1007.jpg,bed
bed_811.jpg,bed
bed_1081.jpg,bed
bed_292.jpg,bed
bed_922.jpg,bed
bed_720.jpg,bed
bed_462.jpg,bed
bed_478.jpg,bed
bed_1000.jpg,bed
bed_875.jpg,bed
bed_465.jpg,bed
bed_20.jpg,bed
bed_1144.jpg,bed
bed_623.jpg,bed
bed_924.jpg,bed
bed_420.jpg,bed
bed_273.jpg,bed
bed_295.jpg,bed
bed_1040.jpg,bed
bed_1090.jpg,bed
bed_1086.jpg,bed
bed_663.jpg,bed
bed_471.jpg,bed
bed_702.jpg,bed
bed_504.jpg,bed
bed_562.jpg,bed
bed_93.jpg,bed
bed_1093.jpg,bed
bed_541.jpg,bed
bed_1070.jpg,bed
bed_263.jpg,bed
bed_379.jpg,bed
bed_585.jpg,bed
bed_22.jpg,bed
bed_1019.jpg,bed
bed_743.jpg,bed
bed_1162.jpg,bed
bed_116.jpg,bed
bed_710.jpg,bed
bed_119.jpg,bed
bed_977.jpg,bed
bed_1006.jpg,bed
bed_1264.jpg,bed
bed_717.jpg,bed
bed_329.jpg,bed
bed_675.jpg,bed
bed_739.jpg,bed
bed_1202.jpg,bed
bed_296.jpg,bed
kitchen_1172.jpg,kitchen
kitchen_1346.jpg,kitchen
kitchen_466.jpg,kitchen
kitchen_103.jpg,kitchen
kitchen_851.jpg,kitchen
kitchen_587.jpg,kitchen
kitchen_931.jpg,kitchen
kitchen_192.jpg,kitchen
kitchen_1015.jpg,kitchen
kitchen_1128.jpg,kitchen
kitchen_1046.jpg,kitchen
kitchen_1350.jpg,kitchen
kitchen_210.jpg,kitchen
kitchen_956.jpg,kitchen
kitchen_739.jpg,kitchen
kitchen_1207.jpg,kitchen
kitchen_681.jpg,kitchen
kitchen_1302.jpg,kitchen
kitchen_878.jpg,kitchen
kitchen_708.jpg,kitchen
kitchen_280.jpg,kitchen
kitchen_725.jpg,kitchen
kitchen_547.jpg,kitchen
kitchen_526.jpg,kitchen
kitchen_394.jpg,kitchen
kitchen_446.jpg,kitchen
kitchen_951.jpg,kitchen
kitchen_680.jpg,kitchen
kitchen_966.jpg,kitchen
kitchen_1258.jpg,kitchen
kitchen_1011.jpg,kitchen
kitchen_647.jpg,kitchen
kitchen_324.jpg,kitchen
kitchen_1150.jpg,kitchen
kitchen_1170.jpg,kitchen
kitchen_1176.jpg,kitchen
kitchen_719.jpg,kitchen
kitchen_874.jpg,kitchen
kitchen_198.jpg,kitchen
kitchen_796.jpg,kitchen
kitchen_1006.jpg,kitchen
kitchen_704.jpg,kitchen
kitchen_1152.jpg,kitchen
kitchen_205.jpg,kitchen
kitchen_33.jpg,kitchen
kitchen_1086.jpg,kitchen
kitchen_465.jpg,kitchen
kitchen_290.jpg,kitchen
kitchen_590.jpg,kitchen
kitchen_581.jpg,kitchen
kitchen_11.jpg,kitchen
kitchen_1167.jpg,kitchen
kitchen_356.jpg,kitchen
kitchen_660.jpg,kitchen
kitchen_1120.jpg,kitchen
kitchen_434.jpg,kitchen
kitchen_810.jpg,kitchen
kitchen_917.jpg,kitchen
kitchen_1106.jpg,kitchen
kitchen_947.jpg,kitchen
kitchen_305.jpg,kitchen
kitchen_536.jpg,kitchen
kitchen_1069.jpg,kitchen
kitchen_363.jpg,kitchen
kitchen_471.jpg,kitchen
kitchen_340.jpg,kitchen
kitchen_1151.jpg,kitchen
kitchen_124.jpg,kitchen
kitchen_1009.jpg,kitchen
kitchen_999.jpg,kitchen
kitchen_997.jpg,kitchen
kitchen_754.jpg,kitchen
kitchen_1320.jpg,kitchen
kitchen_333.jpg,kitchen
kitchen_147.jpg,kitchen
kitchen_455.jpg,kitchen
kitchen_840.jpg,kitchen
kitchen_546.jpg,kitchen
kitchen_703.jpg,kitchen
kitchen_990.jpg,kitchen
kitchen_179.jpg,kitchen
kitchen_177.jpg,kitchen
kitchen_222.jpg,kitchen
kitchen_848.jpg,kitchen
kitchen_117.jpg,kitchen
kitchen_1115.jpg,kitchen
kitchen_80.jpg,kitchen
kitchen_237.jpg,kitchen
kitchen_261.jpg,kitchen
kitchen_197.jpg,kitchen
kitchen_1336.jpg,kitchen
kitchen_133.jpg,kitchen
kitchen_663.jpg,kitchen
kitchen_1141.jpg,kitchen
kitchen_17.jpg,kitchen
kitchen_243.jpg,kitchen
kitchen_595.jpg,kitchen
kitchen_223.jpg,kitchen
kitchen_512.jpg,kitchen
kitchen_402.jpg,kitchen
kitchen_545.jpg,kitchen
kitchen_979.jpg,kitchen
kitchen_230.jpg,kitchen
kitchen_1036.jpg,kitchen
kitchen_604.jpg,kitchen
kitchen_1142.jpg,kitchen
kitchen_919.jpg,kitchen
kitchen_1332.jpg,kitchen
kitchen_882.jpg,kitchen
kitchen_200.jpg,kitchen
kitchen_1210.jpg,kitchen
kitchen_431.jpg,kitchen
kitchen_129.jpg,kitchen
kitchen_28.jpg,kitchen
kitchen_762.jpg,kitchen
kitchen_308.jpg,kitchen
kitchen_341.jpg,kitchen
kitchen_893.jpg,kitchen
kitchen_15.jpg,kitchen
kitchen_836.jpg,kitchen
kitchen_646.jpg,kitchen
kitchen_961.jpg,kitchen
kitchen_763.jpg,kitchen
kitchen_390.jpg,kitchen
kitchen_564.jpg,kitchen
kitchen_354.jpg,kitchen
kitchen_1077.jpg,kitchen
kitchen_841.jpg,kitchen
kitchen_750.jpg,kitchen
kitchen_74.jpg,kitchen
kitchen_1110.jpg,kitchen
kitchen_788.jpg,kitchen
kitchen_551.jpg,kitchen
kitchen_563.jpg,kitchen
kitchen_1331.jpg,kitchen
kitchen_992.jpg,kitchen
kitchen_775.jpg,kitchen
kitchen_752.jpg,kitchen
kitchen_56.jpg,kitchen
kitchen_298.jpg,kitchen
kitchen_273.jpg,kitchen
kitchen_204.jpg,kitchen
kitchen_1233.jpg,kitchen
kitchen_1209.jpg,kitchen
kitchen_118.jpg,kitchen
kitchen_109.jpg,kitchen
kitchen_984.jpg,kitchen
kitchen_1135.jpg,kitchen
kitchen_1021.jpg,kitchen
kitchen_825.jpg,kitchen
kitchen_932.jpg,kitchen
kitchen_794.jpg,kitchen
kitchen_1041.jpg,kitchen
kitchen_829.jpg,kitchen
kitchen_791.jpg,kitchen
kitchen_614.jpg,kitchen
kitchen_1220.jpg,kitchen
kitchen_784.jpg,kitchen
kitchen_699.jpg,kitchen
kitchen_384.jpg,kitchen
kitchen_989.jpg,kitchen
kitchen_25.jpg,kitchen
kitchen_137.jpg,kitchen
kitchen_1049.jpg,kitchen
kitchen_291.jpg,kitchen
kitchen_802.jpg,kitchen
kitchen_335.jpg,kitchen
kitchen_972.jpg,kitchen
kitchen_474.jpg,kitchen
kitchen_1174.jpg,kitchen
kitchen_4.jpg,kitchen
kitchen_220.jpg,kitchen
kitchen_311.jpg,kitchen
kitchen_494.jpg,kitchen
kitchen_847.jpg,kitchen
kitchen_793.jpg,kitchen
kitchen_436.jpg,kitchen
kitchen_464.jpg,kitchen
kitchen_107.jpg,kitchen
kitchen_953.jpg,kitchen
kitchen_585.jpg,kitchen
kitchen_69.jpg,kitchen
kitchen_187.jpg,kitchen
kitchen_618.jpg,kitchen
kitchen_1050.jpg,kitchen
kitchen_665.jpg,kitchen
kitchen_30.jpg,kitchen
kitchen_1159.jpg,kitchen
kitchen_577.jpg,kitchen
kitchen_993.jpg,kitchen
kitchen_263.jpg,kitchen
kitchen_339.jpg,kitchen
kitchen_691.jpg,kitchen
kitchen_973.jpg,kitchen
kitchen_1029.jpg,kitchen
kitchen_495.jpg,kitchen
kitchen_1245.jpg,kitchen
kitchen_985.jpg,kitchen
kitchen_624.jpg,kitchen
kitchen_128.jpg,kitchen
kitchen_1153.jpg,kitchen
kitchen_819.jpg,kitchen
kitchen_1003.jpg,kitchen
kitchen_1080.jpg,kitchen
kitchen_97.jpg,kitchen
kitchen_366.jpg,kitchen
kitchen_582.jpg,kitchen
kitchen_727.jpg,kitchen
kitchen_525.jpg,kitchen
kitchen_46.jpg,kitchen
kitchen_1300.jpg,kitchen
kitchen_14.jpg,kitchen
kitchen_572.jpg,kitchen
kitchen_361.jpg,kitchen
kitchen_729.jpg,kitchen
kitchen_1177.jpg,kitchen
kitchen_1.jpg,kitchen
kitchen_1193.jpg,kitchen
kitchen_1126.jpg,kitchen
kitchen_214.jpg,kitchen
kitchen_611.jpg,kitchen
kitchen_1087.jpg,kitchen
kitchen_221.jpg,kitchen
kitchen_1221.jpg,kitchen
kitchen_797.jpg,kitchen
kitchen_419.jpg,kitchen
kitchen_1014.jpg,kitchen
kitchen_430.jpg,kitchen
kitchen_469.jpg,kitchen
kitchen_302.jpg,kitchen
kitchen_483.jpg,kitchen
kitchen_32.jpg,kitchen
kitchen_457.jpg,kitchen
kitchen_532.jpg,kitchen
kitchen_1149.jpg,kitchen
kitchen_1229.jpg,kitchen
kitchen_75.jpg,kitchen
kitchen_1338.jpg,kitchen
kitchen_606.jpg,kitchen
kitchen_1116.jpg,kitchen
kitchen_1327.jpg,kitchen
kitchen_1074.jpg,kitchen
kitchen_981.jpg,kitchen
kitchen_538.jpg,kitchen
kitchen_537.jpg,kitchen
kitchen_120.jpg,kitchen
kitchen_854.jpg,kitchen
kitchen_1040.jpg,kitchen
kitchen_1111.jpg,kitchen
kitchen_1154.jpg,kitchen
kitchen_683.jpg,kitchen
kitchen_642.jpg,kitchen
kitchen_123.jpg,kitchen
kitchen_1340.jpg,kitchen
kitchen_247.jpg,kitchen
kitchen_715.jpg,kitchen
kitchen_814.jpg,kitchen
kitchen_85.jpg,kitchen
kitchen_1055.jpg,kitchen
kitchen_832.jpg,kitchen
kitchen_620.jpg,kitchen
kitchen_1197.jpg,kitchen
kitchen_531.jpg,kitchen
kitchen_640.jpg,kitchen
kitchen_154.jpg,kitchen
kitchen_203.jpg,kitchen
kitchen_1134.jpg,kitchen
kitchen_1053.jpg,kitchen
kitchen_641.jpg,kitchen
kitchen_507.jpg,kitchen
kitchen_887.jpg,kitchen
kitchen_789.jpg,kitchen
kitchen_808.jpg,kitchen
kitchen_856.jpg,kitchen
kitchen_954.jpg,kitchen
kitchen_1301.jpg,kitchen
kitchen_721.jpg,kitchen
kitchen_1109.jpg,kitchen
kitchen_1199.jpg,kitchen
kitchen_121.jpg,kitchen
kitchen_933.jpg,kitchen
kitchen_472.jpg,kitchen
kitchen_1023.jpg,kitchen
kitchen_1261.jpg,kitchen
kitchen_524.jpg,kitchen
kitchen_401.jpg,kitchen
kitchen_112.jpg,kitchen
kitchen_684.jpg,kitchen
kitchen_974.jpg,kitchen
kitchen_675.jpg,kitchen
kitchen_638.jpg,kitchen
kitchen_523.jpg,kitchen
kitchen_1147.jpg,kitchen
kitchen_135.jpg,kitchen
kitchen_1342.jpg,kitchen
kitchen_395.jpg,kitchen
kitchen_566.jpg,kitchen
kitchen_613.jpg,kitchen
kitchen_228.jpg,kitchen
kitchen_138.jpg,kitchen
kitchen_1195.jpg,kitchen
kitchen_5.jpg,kitchen
kitchen_315.jpg,kitchen
kitchen_1125.jpg,kitchen
kitchen_568.jpg,kitchen
kitchen_1246.jpg,kitchen
kitchen_1297.jpg,kitchen
kitchen_437.jpg,kitchen
kitchen_1185.jpg,kitchen
kitchen_171.jpg,kitchen
kitchen_1262.jpg,kitchen
kitchen_79.jpg,kitchen
kitchen_1278.jpg,kitchen
kitchen_888.jpg,kitchen
kitchen_161.jpg,kitchen
kitchen_1048.jpg,kitchen
kitchen_516.jpg,kitchen
kitchen_1334.jpg,kitchen
kitchen_476.jpg,kitchen
kitchen_976.jpg,kitchen
kitchen_1293.jpg,kitchen
kitchen_1008.jpg,kitchen
kitchen_489.jpg,kitchen
kitchen_380.jpg,kitchen
kitchen_475.jpg,kitchen
kitchen_1178.jpg,kitchen
kitchen_853.jpg,kitchen
kitchen_1184.jpg,kitchen
kitchen_77.jpg,kitchen
kitchen_503.jpg,kitchen
kitchen_216.jpg,kitchen
kitchen_542.jpg,kitchen
kitchen_518.jpg,kitchen
kitchen_1145.jpg,kitchen
kitchen_958.jpg,kitchen
kitchen_664.jpg,kitchen
kitchen_96.jpg,kitchen
kitchen_414.jpg,kitchen
kitchen_158.jpg,kitchen
kitchen_520.jpg,kitchen
kitchen_127.jpg,kitchen
kitchen_780.jpg,kitchen
kitchen_950.jpg,kitchen
kitchen_593.jpg,kitchen
kitchen_1099.jpg,kitchen
kitchen_1002.jpg,kitchen
kitchen_93.jpg,kitchen
kitchen_862.jpg,kitchen
kitchen_496.jpg,kitchen
kitchen_678.jpg,kitchen
kitchen_278.jpg,kitchen
kitchen_453.jpg,kitchen
kitchen_1304.jpg,kitchen
kitchen_284.jpg,kitchen
kitchen_1063.jpg,kitchen
kitchen_1010.jpg,kitchen
kitchen_45.jpg,kitchen
kitchen_1090.jpg,kitchen
kitchen_143.jpg,kitchen
kitchen_1117.jpg,kitchen
kitchen_530.jpg,kitchen
kitchen_1061.jpg,kitchen
kitchen_1325.jpg,kitchen
kitchen_1119.jpg,kitchen
kitchen_61.jpg,kitchen
kitchen_1166.jpg,kitchen
kitchen_541.jpg,kitchen
kitchen_41.jpg,kitchen
kitchen_940.jpg,kitchen
kitchen_451.jpg,kitchen
kitchen_740.jpg,kitchen
kitchen_764.jpg,kitchen
kitchen_412.jpg,kitchen
kitchen_783.jpg,kitchen
kitchen_871.jpg,kitchen
kitchen_206.jpg,kitchen
kitchen_991.jpg,kitchen
kitchen_212.jpg,kitchen
kitchen_712.jpg,kitchen
kitchen_821.jpg,kitchen
kitchen_1349.jpg,kitchen
kitchen_1124.jpg,kitchen
kitchen_672.jpg,kitchen
kitchen_100.jpg,kitchen
kitchen_632.jpg,kitchen
kitchen_1211.jpg,kitchen
kitchen_782.jpg,kitchen
kitchen_49.jpg,kitchen
kitchen_1078.jpg,kitchen
kitchen_1016.jpg,kitchen
kitchen_1268.jpg,kitchen
kitchen_1017.jpg,kitchen
kitchen_686.jpg,kitchen
kitchen_1328.jpg,kitchen
kitchen_357.jpg,kitchen
kitchen_554.jpg,kitchen
kitchen_1339.jpg,kitchen
kitchen_1283.jpg,kitchen
kitchen_767.jpg,kitchen
kitchen_1191.jpg,kitchen
kitchen_90.jpg,kitchen
kitchen_1315.jpg,kitchen
kitchen_1095.jpg,kitchen
kitchen_928.jpg,kitchen
kitchen_462.jpg,kitchen
kitchen_398.jpg,kitchen
kitchen_769.jpg,kitchen
kitchen_321.jpg,kitchen
kitchen_1066.jpg,kitchen
kitchen_175.jpg,kitchen
kitchen_925.jpg,kitchen
kitchen_511.jpg,kitchen
kitchen_609.jpg,kitchen
kitchen_1243.jpg,kitchen
kitchen_167.jpg,kitchen
kitchen_811.jpg,kitchen
kitchen_909.jpg,kitchen
kitchen_1273.jpg,kitchen
kitchen_510.jpg,kitchen
kitchen_91.jpg,kitchen
kitchen_332.jpg,kitchen
kitchen_1026.jpg,kitchen
kitchen_822.jpg,kitchen
kitchen_1183.jpg,kitchen
kitchen_946.jpg,kitchen
kitchen_1121.jpg,kitchen
kitchen_515.jpg,kitchen
kitchen_916.jpg,kitchen
kitchen_433.jpg,kitchen
kitchen_513.jpg,kitchen
kitchen_781.jpg,kitchen
kitchen_1103.jpg,kitchen
kitchen_16.jpg,kitchen
kitchen_1114.jpg,kitchen
kitchen_573.jpg,kitchen
kitchen_111.jpg,kitchen
kitchen_1205.jpg,kitchen
kitchen_38.jpg,kitchen
kitchen_441.jpg,kitchen
kitchen_589.jpg,kitchen
kitchen_374.jpg,kitchen
kitchen_1127.jpg,kitchen
kitchen_194.jpg,kitchen
kitchen_164.jpg,kitchen
kitchen_936.jpg,kitchen
kitchen_1317.jpg,kitchen
kitchen_1281.jpg,kitchen
kitchen_152.jpg,kitchen
kitchen_218.jpg,kitchen
kitchen_1096.jpg,kitchen
kitchen_679.jpg,kitchen
kitchen_271.jpg,kitchen
kitchen_689.jpg,kitchen
kitchen_294.jpg,kitchen
kitchen_326.jpg,kitchen
kitchen_1204.jpg,kitchen
kitchen_1058.jpg,kitchen
kitchen_688.jpg,kitchen
kitchen_653.jpg,kitchen
kitchen_1247.jpg,kitchen
kitchen_1035.jpg,kitchen
kitchen_478.jpg,kitchen
kitchen_337.jpg,kitchen
kitchen_307.jpg,kitchen
kitchen_795.jpg,kitchen
kitchen_499.jpg,kitchen
kitchen_316.jpg,kitchen
kitchen_265.jpg,kitchen
kitchen_1047.jpg,kitchen
kitchen_1305.jpg,kitchen
kitchen_655.jpg,kitchen
kitchen_599.jpg,kitchen
kitchen_648.jpg,kitchen
kitchen_1330.jpg,kitchen
kitchen_1239.jpg,kitchen
kitchen_559.jpg,kitchen
kitchen_1107.jpg,kitchen
kitchen_186.jpg,kitchen
kitchen_1289.jpg,kitchen
kitchen_659.jpg,kitchen
kitchen_622.jpg,kitchen
kitchen_68.jpg,kitchen
kitchen_211.jpg,kitchen
kitchen_421.jpg,kitchen
kitchen_50.jpg,kitchen
kitchen_1122.jpg,kitchen
kitchen_18.jpg,kitchen
kitchen_921.jpg,kitchen
kitchen_234.jpg,kitchen
kitchen_629.jpg,kitchen
kitchen_696.jpg,kitchen
kitchen_716.jpg,kitchen
kitchen_1164.jpg,kitchen
kitchen_1277.jpg,kitchen
kitchen_550.jpg,kitchen
kitchen_1279.jpg,kitchen
kitchen_12.jpg,kitchen
kitchen_1022.jpg,kitchen
kitchen_1148.jpg,kitchen
kitchen_1161.jpg,kitchen
kitchen_612.jpg,kitchen
kitchen_778.jpg,kitchen
kitchen_1024.jpg,kitchen
kitchen_914.jpg,kitchen
kitchen_1034.jpg,kitchen
kitchen_213.jpg,kitchen
kitchen_959.jpg,kitchen
kitchen_352.jpg,kitchen
kitchen_351.jpg,kitchen
kitchen_771.jpg,kitchen
kitchen_209.jpg,kitchen
kitchen_777.jpg,kitchen
kitchen_254.jpg,kitchen
kitchen_905.jpg,kitchen
kitchen_396.jpg,kitchen
kitchen_27.jpg,kitchen
kitchen_528.jpg,kitchen
kitchen_852.jpg,kitchen
kitchen_362.jpg,kitchen
kitchen_266.jpg,kitchen
kitchen_901.jpg,kitchen
kitchen_1162.jpg,kitchen
kitchen_1097.jpg,kitchen
kitchen_134.jpg,kitchen
kitchen_1004.jpg,kitchen
kitchen_543.jpg,kitchen
kitchen_876.jpg,kitchen
kitchen_424.jpg,kitchen
kitchen_407.jpg,kitchen
kitchen_242.jpg,kitchen
kitchen_57.jpg,kitchen
kitchen_803.jpg,kitchen
kitchen_42.jpg,kitchen
kitchen_627.jpg,kitchen
kitchen_423.jpg,kitchen
kitchen_180.jpg,kitchen
kitchen_1275.jpg,kitchen
kitchen_1257.jpg,kitchen
kitchen_250.jpg,kitchen
kitchen_908.jpg,kitchen
kitchen_544.jpg,kitchen
kitchen_338.jpg,kitchen
kitchen_163.jpg,kitchen
kitchen_182.jpg,kitchen
kitchen_685.jpg,kitchen
kitchen_463.jpg,kitchen
kitchen_1186.jpg,kitchen
kitchen_772.jpg,kitchen
kitchen_1312.jpg,kitchen
kitchen_40.jpg,kitchen
kitchen_1230.jpg,kitchen
kitchen_1113.jpg,kitchen
kitchen_579.jpg,kitchen
kitchen_1075.jpg,kitchen
kitchen_153.jpg,kitchen
kitchen_654.jpg,kitchen
kitchen_1345.jpg,kitchen
kitchen_185.jpg,kitchen
kitchen_800.jpg,kitchen
kitchen_122.jpg,kitchen
kitchen_539.jpg,kitchen
kitchen_1222.jpg,kitchen
kitchen_217.jpg,kitchen
kitchen_779.jpg,kitchen
kitchen_1180.jpg,kitchen
kitchen_497.jpg,kitchen
kitchen_140.jpg,kitchen
kitchen_723.jpg,kitchen
kitchen_219.jpg,kitchen
kitchen_1237.jpg,kitchen
kitchen_6.jpg,kitchen
kitchen_918.jpg,kitchen
kitchen_29.jpg,kitchen
kitchen_35.jpg,kitchen
kitchen_1323.jpg,kitchen
kitchen_365.jpg,kitchen
kitchen_490.jpg,kitchen
kitchen_1030.jpg,kitchen
kitchen_146.jpg,kitchen
kitchen_359.jpg,kitchen
kitchen_982.jpg,kitchen
kitchen_1266.jpg,kitchen
kitchen_747.jpg,kitchen
kitchen_1224.jpg,kitchen
kitchen_37.jpg,kitchen
kitchen_1059.jpg,kitchen
kitchen_1264.jpg,kitchen
kitchen_1187.jpg,kitchen
kitchen_1335.jpg,kitchen
kitchen_1091.jpg,kitchen
kitchen_557.jpg,kitchen
kitchen_331.jpg,kitchen
kitchen_313.jpg,kitchen
kitchen_406.jpg,kitchen
kitchen_578.jpg,kitchen
kitchen_1276.jpg,kitchen
kitchen_602.jpg,kitchen
kitchen_943.jpg,kitchen
kitchen_1112.jpg,kitchen
kitchen_669.jpg,kitchen
kitchen_694.jpg,kitchen
kitchen_1271.jpg,kitchen
kitchen_1005.jpg,kitchen
kitchen_597.jpg,kitchen
kitchen_293.jpg,kitchen
kitchen_1037.jpg,kitchen
kitchen_299.jpg,kitchen
kitchen_960.jpg,kitchen
kitchen_586.jpg,kitchen
kitchen_1351.jpg,kitchen
kitchen_670.jpg,kitchen
kitchen_168.jpg,kitchen
kitchen_920.jpg,kitchen
kitchen_938.jpg,kitchen
kitchen_409.jpg,kitchen
kitchen_1202.jpg,kitchen
kitchen_600.jpg,kitchen
kitchen_1294.jpg,kitchen
kitchen_619.jpg,kitchen
kitchen_957.jpg,kitchen
kitchen_710.jpg,kitchen
kitchen_440.jpg,kitchen
kitchen_119.jpg,kitchen
kitchen_1000.jpg,kitchen
kitchen_391.jpg,kitchen
kitchen_1311.jpg,kitchen
kitchen_1235.jpg,kitchen
kitchen_994.jpg,kitchen
kitchen_569.jpg,kitchen
kitchen_67.jpg,kitchen
kitchen_948.jpg,kitchen
kitchen_823.jpg,kitchen
kitchen_863.jpg,kitchen
kitchen_697.jpg,kitchen
kitchen_201.jpg,kitchen
kitchen_141.jpg,kitchen
kitchen_731.jpg,kitchen
kitchen_235.jpg,kitchen
kitchen_519.jpg,kitchen
kitchen_330.jpg,kitchen
kitchen_963.jpg,kitchen
kitchen_144.jpg,kitchen
kitchen_1267.jpg,kitchen
kitchen_8.jpg,kitchen
kitchen_1100.jpg,kitchen
kitchen_176.jpg,kitchen
kitchen_677.jpg,kitchen
kitchen_172.jpg,kitchen
kitchen_962.jpg,kitchen
kitchen_405.jpg,kitchen
kitchen_574.jpg,kitchen
kitchen_145.jpg,kitchen
kitchen_773.jpg,kitchen
kitchen_470.jpg,kitchen
kitchen_1082.jpg,kitchen
kitchen_1287.jpg,kitchen
kitchen_269.jpg,kitchen
kitchen_393.jpg,kitchen
kitchen_388.jpg,kitchen
kitchen_413.jpg,kitchen
kitchen_114.jpg,kitchen
kitchen_62.jpg,kitchen
kitchen_445.jpg,kitchen
kitchen_898.jpg,kitchen
kitchen_1255.jpg,kitchen
kitchen_1223.jpg,kitchen
kitchen_583.jpg,kitchen
kitchen_650.jpg,kitchen
kitchen_884.jpg,kitchen
kitchen_906.jpg,kitchen
kitchen_833.jpg,kitchen
kitchen_1326.jpg,kitchen
kitchen_241.jpg,kitchen
kitchen_439.jpg,kitchen
kitchen_864.jpg,kitchen
kitchen_78.jpg,kitchen
kitchen_662.jpg,kitchen
kitchen_94.jpg,kitchen
kitchen_1129.jpg,kitchen
kitchen_370.jpg,kitchen
kitchen_392.jpg,kitchen
kitchen_693.jpg,kitchen
kitchen_755.jpg,kitchen
kitchen_336.jpg,kitchen
kitchen_865.jpg,kitchen
kitchen_621.jpg,kitchen
kitchen_534.jpg,kitchen
kitchen_76.jpg,kitchen
kitchen_964.jpg,kitchen
kitchen_527.jpg,kitchen
kitchen_1270.jpg,kitchen
kitchen_1073.jpg,kitchen
kitchen_1280.jpg,kitchen
kitchen_257.jpg,kitchen
kitchen_215.jpg,kitchen
kitchen_759.jpg,kitchen
kitchen_807.jpg,kitchen
kitchen_208.jpg,kitchen
kitchen_282.jpg,kitchen
kitchen_558.jpg,kitchen
kitchen_617.jpg,kitchen
kitchen_761.jpg,kitchen
kitchen_894.jpg,kitchen
kitchen_427.jpg,kitchen
kitchen_610.jpg,kitchen
kitchen_1241.jpg,kitchen
kitchen_1043.jpg,kitchen
kitchen_774.jpg,kitchen
kitchen_868.jpg,kitchen
kitchen_379.jpg,kitchen
kitchen_23.jpg,kitchen
kitchen_1348.jpg,kitchen
kitchen_859.jpg,kitchen
kitchen_276.jpg,kitchen
kitchen_842.jpg,kitchen
kitchen_426.jpg,kitchen
kitchen_504.jpg,kitchen
kitchen_1286.jpg,kitchen
kitchen_425.jpg,kitchen
kitchen_378.jpg,kitchen
kitchen_728.jpg,kitchen
kitchen_1131.jpg,kitchen
kitchen_71.jpg,kitchen
kitchen_36.jpg,kitchen
kitchen_1076.jpg,kitchen
kitchen_110.jpg,kitchen
kitchen_861.jpg,kitchen
kitchen_1165.jpg,kitchen
kitchen_125.jpg,kitchen
kitchen_385.jpg,kitchen
kitchen_1085.jpg,kitchen
kitchen_142.jpg,kitchen
kitchen_162.jpg,kitchen
kitchen_718.jpg,kitchen
kitchen_1232.jpg,kitchen
kitchen_1039.jpg,kitchen
kitchen_1156.jpg,kitchen
kitchen_1068.jpg,kitchen
kitchen_480.jpg,kitchen
kitchen_448.jpg,kitchen
kitchen_1200.jpg,kitchen
kitchen_1098.jpg,kitchen
kitchen_867.jpg,kitchen
kitchen_1132.jpg,kitchen
kitchen_304.jpg,kitchen
kitchen_238.jpg,kitchen
kitchen_1189.jpg,kitchen
kitchen_1285.jpg,kitchen
kitchen_988.jpg,kitchen
kitchen_1216.jpg,kitchen
kitchen_1057.jpg,kitchen
kitchen_758.jpg,kitchen
kitchen_628.jpg,kitchen
kitchen_711.jpg,kitchen
kitchen_1303.jpg,kitchen
kitchen_735.jpg,kitchen
kitchen_346.jpg,kitchen
kitchen_500.jpg,kitchen
kitchen_1092.jpg,kitchen
kitchen_949.jpg,kitchen
kitchen_106.jpg,kitchen
kitchen_809.jpg,kitchen
kitchen_903.jpg,kitchen
kitchen_895.jpg,kitchen
kitchen_596.jpg,kitchen
kitchen_1027.jpg,kitchen
kitchen_508.jpg,kitchen
kitchen_1252.jpg,kitchen
kitchen_88.jpg,kitchen
kitchen_1352.jpg,kitchen
kitchen_967.jpg,kitchen
kitchen_835.jpg,kitchen
kitchen_987.jpg,kitchen
kitchen_64.jpg,kitchen
kitchen_952.jpg,kitchen
kitchen_812.jpg,kitchen
kitchen_1194.jpg,kitchen
kitchen_245.jpg,kitchen
kitchen_329.jpg,kitchen
kitchen_787.jpg,kitchen
kitchen_347.jpg,kitchen
kitchen_1102.jpg,kitchen
kitchen_955.jpg,kitchen
kitchen_344.jpg,kitchen
kitchen_608.jpg,kitchen
kitchen_387.jpg,kitchen
kitchen_815.jpg,kitchen
kitchen_1249.jpg,kitchen
kitchen_828.jpg,kitchen
kitchen_224.jpg,kitchen
kitchen_343.jpg,kitchen
kitchen_1138.jpg,kitchen
kitchen_792.jpg,kitchen
kitchen_805.jpg,kitchen
kitchen_535.jpg,kitchen
kitchen_34.jpg,kitchen
kitchen_889.jpg,kitchen
kitchen_1105.jpg,kitchen
kitchen_910.jpg,kitchen
kitchen_1070.jpg,kitchen
kitchen_1298.jpg,kitchen
kitchen_717.jpg,kitchen
kitchen_1288.jpg,kitchen
kitchen_1130.jpg,kitchen
kitchen_318.jpg,kitchen
kitchen_165.jpg,kitchen
kitchen_178.jpg,kitchen
kitchen_320.jpg,kitchen
kitchen_1254.jpg,kitchen
kitchen_570.jpg,kitchen
kitchen_1253.jpg,kitchen
kitchen_371.jpg,kitchen
kitchen_260.jpg,kitchen
kitchen_883.jpg,kitchen
kitchen_692.jpg,kitchen
kitchen_765.jpg,kitchen
kitchen_400.jpg,kitchen
kitchen_930.jpg,kitchen
kitchen_86.jpg,kitchen
kitchen_690.jpg,kitchen
kitchen_369.jpg,kitchen
kitchen_827.jpg,kitchen
kitchen_306.jpg,kitchen
kitchen_274.jpg,kitchen
kitchen_705.jpg,kitchen
kitchen_43.jpg,kitchen
kitchen_926.jpg,kitchen
kitchen_1274.jpg,kitchen
kitchen_252.jpg,kitchen
kitchen_317.jpg,kitchen
kitchen_1236.jpg,kitchen
kitchen_968.jpg,kitchen
kitchen_364.jpg,kitchen
kitchen_1083.jpg,kitchen
kitchen_240.jpg,kitchen
kitchen_1319.jpg,kitchen
kitchen_1225.jpg,kitchen
kitchen_130.jpg,kitchen
kitchen_635.jpg,kitchen
kitchen_449.jpg,kitchen
kitchen_1238.jpg,kitchen
kitchen_806.jpg,kitchen
kitchen_818.jpg,kitchen
kitchen_108.jpg,kitchen
kitchen_173.jpg,kitchen
kitchen_83.jpg,kitchen
kitchen_741.jpg,kitchen
kitchen_517.jpg,kitchen
kitchen_701.jpg,kitchen
kitchen_1324.jpg,kitchen
kitchen_1259.jpg,kitchen
kitchen_7.jpg,kitchen
kitchen_1217.jpg,kitchen
kitchen_259.jpg,kitchen
kitchen_1042.jpg,kitchen
kitchen_630.jpg,kitchen
kitchen_575.jpg,kitchen
kitchen_189.jpg,kitchen
kitchen_277.jpg,kitchen
kitchen_312.jpg,kitchen
kitchen_1094.jpg,kitchen
kitchen_314.jpg,kitchen
kitchen_350.jpg,kitchen
kitchen_1353.jpg,kitchen
kitchen_367.jpg,kitchen
kitchen_934.jpg,kitchen
kitchen_1081.jpg,kitchen
kitchen_54.jpg,kitchen
kitchen_813.jpg,kitchen
kitchen_746.jpg,kitchen
kitchen_514.jpg,kitchen
kitchen_101.jpg,kitchen
kitchen_48.jpg,kitchen
kitchen_742.jpg,kitchen
kitchen_786.jpg,kitchen
kitchen_461.jpg,kitchen
kitchen_1168.jpg,kitchen
kitchen_555.jpg,kitchen
kitchen_1056.jpg,kitchen
kitchen_751.jpg,kitchen
kitchen_438.jpg,kitchen
kitchen_136.jpg,kitchen
kitchen_1308.jpg,kitchen
kitchen_1309.jpg,kitchen
kitchen_1062.jpg,kitchen
kitchen_986.jpg,kitchen
kitchen_1157.jpg,kitchen
kitchen_227.jpg,kitchen
kitchen_479.jpg,kitchen
kitchen_1196.jpg,kitchen
kitchen_567.jpg,kitchen
kitchen_1175.jpg,kitchen
kitchen_429.jpg,kitchen
kitchen_1160.jpg,kitchen
kitchen_831.jpg,kitchen
kitchen_183.jpg,kitchen
kitchen_1284.jpg,kitchen
kitchen_353.jpg,kitchen
kitchen_160.jpg,kitchen
kitchen_115.jpg,kitchen
kitchen_98.jpg,kitchen
kitchen_707.jpg,kitchen
kitchen_289.jpg,kitchen
kitchen_59.jpg,kitchen
kitchen_63.jpg,kitchen
kitchen_603.jpg,kitchen
kitchen_202.jpg,kitchen
kitchen_1272.jpg,kitchen
kitchen_736.jpg,kitchen
kitchen_249.jpg,kitchen
kitchen_19.jpg,kitchen
kitchen_521.jpg,kitchen
kitchen_1020.jpg,kitchen
kitchen_702.jpg,kitchen
kitchen_591.jpg,kitchen
kitchen_81.jpg,kitchen
kitchen_190.jpg,kitchen
kitchen_922.jpg,kitchen
kitchen_743.jpg,kitchen
kitchen_319.jpg,kitchen
kitchen_267.jpg,kitchen
kitchen_839.jpg,kitchen
kitchen_389.jpg,kitchen
kitchen_533.jpg,kitchen
kitchen_1299.jpg,kitchen
kitchen_166.jpg,kitchen
kitchen_706.jpg,kitchen
kitchen_1007.jpg,kitchen
kitchen_53.jpg,kitchen
kitchen_1314.jpg,kitchen
kitchen_9.jpg,kitchen
kitchen_233.jpg,kitchen
kitchen_188.jpg,kitchen
kitchen_626.jpg,kitchen
kitchen_937.jpg,kitchen
kitchen_607.jpg,kitchen
kitchen_418.jpg,kitchen
kitchen_667.jpg,kitchen
kitchen_468.jpg,kitchen
kitchen_420.jpg,kitchen
kitchen_1192.jpg,kitchen
kitchen_668.jpg,kitchen
kitchen_855.jpg,kitchen
kitchen_860.jpg,kitchen
kitchen_58.jpg,kitchen
kitchen_193.jpg,kitchen
kitchen_485.jpg,kitchen
kitchen_348.jpg,kitchen
kitchen_907.jpg,kitchen
kitchen_131.jpg,kitchen
kitchen_477.jpg,kitchen
kitchen_522.jpg,kitchen
kitchen_713.jpg,kitchen
kitchen_671.jpg,kitchen
kitchen_929.jpg,kitchen
kitchen_1064.jpg,kitchen
kitchen_310.jpg,kitchen
kitchen_584.jpg,kitchen
kitchen_695.jpg,kitchen
kitchen_459.jpg,kitchen
kitchen_156.jpg,kitchen
kitchen_1137.jpg,kitchen
kitchen_1065.jpg,kitchen
kitchen_1227.jpg,kitchen
kitchen_1329.jpg,kitchen
kitchen_971.jpg,kitchen
kitchen_601.jpg,kitchen
kitchen_1256.jpg,kitchen
kitchen_875.jpg,kitchen
kitchen_467.jpg,kitchen
kitchen_1198.jpg,kitchen
kitchen_820.jpg,kitchen
kitchen_732.jpg,kitchen
kitchen_846.jpg,kitchen
kitchen_879.jpg,kitchen
kitchen_2.jpg,kitchen
kitchen_300.jpg,kitchen
kitchen_1144.jpg,kitchen
kitchen_493.jpg,kitchen
kitchen_1025.jpg,kitchen
kitchen_281.jpg,kitchen
kitchen_857.jpg,kitchen
kitchen_92.jpg,kitchen
kitchen_996.jpg,kitchen
kitchen_442.jpg,kitchen
kitchen_866.jpg,kitchen
kitchen_498.jpg,kitchen
kitchen_1316.jpg,kitchen
kitchen_911.jpg,kitchen
kitchen_488.jpg,kitchen
kitchen_616.jpg,kitchen
kitchen_565.jpg,kitchen
kitchen_975.jpg,kitchen
kitchen_1318.jpg,kitchen
kitchen_1038.jpg,kitchen
kitchen_885.jpg,kitchen
kitchen_942.jpg,kitchen
kitchen_1248.jpg,kitchen
kitchen_995.jpg,kitchen
kitchen_1013.jpg,kitchen
kitchen_843.jpg,kitchen
kitchen_435.jpg,kitchen
kitchen_1158.jpg,kitchen
kitchen_502.jpg,kitchen
kitchen_560.jpg,kitchen
kitchen_170.jpg,kitchen
kitchen_10.jpg,kitchen
kitchen_251.jpg,kitchen
kitchen_31.jpg,kitchen
kitchen_1337.jpg,kitchen
kitchen_785.jpg,kitchen
kitchen_744.jpg,kitchen
kitchen_899.jpg,kitchen
kitchen_1218.jpg,kitchen
kitchen_924.jpg,kitchen
kitchen_652.jpg,kitchen
kitchen_748.jpg,kitchen
kitchen_355.jpg,kitchen
kitchen_1173.jpg,kitchen
kitchen_1019.jpg,kitchen
kitchen_422.jpg,kitchen
kitchen_244.jpg,kitchen
kitchen_594.jpg,kitchen
kitchen_373.jpg,kitchen
kitchen_978.jpg,kitchen
kitchen_1108.jpg,kitchen
kitchen_753.jpg,kitchen
kitchen_687.jpg,kitchen
kitchen_447.jpg,kitchen
kitchen_334.jpg,kitchen
kitchen_505.jpg,kitchen
kitchen_1341.jpg,kitchen
kitchen_1306.jpg,kitchen
kitchen_232.jpg,kitchen
kitchen_1054.jpg,kitchen
kitchen_1295.jpg,kitchen
kitchen_1104.jpg,kitchen
kitchen_873.jpg,kitchen
kitchen_766.jpg,kitchen
kitchen_52.jpg,kitchen
kitchen_615.jpg,kitchen
kitchen_44.jpg,kitchen
kitchen_553.jpg,kitchen
kitchen_1028.jpg,kitchen
kitchen_870.jpg,kitchen
kitchen_657.jpg,kitchen
kitchen_309.jpg,kitchen
kitchen_1079.jpg,kitchen
kitchen_923.jpg,kitchen
kitchen_799.jpg,kitchen
kitchen_1146.jpg,kitchen
kitchen_84.jpg,kitchen
kitchen_149.jpg,kitchen
kitchen_368.jpg,kitchen
kitchen_408.jpg,kitchen
kitchen_838.jpg,kitchen
kitchen_1140.jpg,kitchen
kitchen_980.jpg,kitchen
kitchen_1260.jpg,kitchen
kitchen_22.jpg,kitchen
kitchen_72.jpg,kitchen
kitchen_580.jpg,kitchen
kitchen_1179.jpg,kitchen
kitchen_837.jpg,kitchen
kitchen_804.jpg,kitchen
kitchen_724.jpg,kitchen
kitchen_726.jpg,kitchen
kitchen_1214.jpg,kitchen
kitchen_912.jpg,kitchen
kitchen_1188.jpg,kitchen
kitchen_270.jpg,kitchen
kitchen_1182.jpg,kitchen
kitchen_776.jpg,kitchen
kitchen_1101.jpg,kitchen
kitchen_915.jpg,kitchen
kitchen_1012.jpg,kitchen
kitchen_148.jpg,kitchen
kitchen_452.jpg,kitchen
kitchen_1118.jpg,kitchen
kitchen_51.jpg,kitchen
kitchen_372.jpg,kitchen
kitchen_826.jpg,kitchen
kitchen_1269.jpg,kitchen
kitchen_1067.jpg,kitchen
kitchen_264.jpg,kitchen
kitchen_529.jpg,kitchen
kitchen_169.jpg,kitchen
kitchen_410.jpg,kitchen
kitchen_850.jpg,kitchen
kitchen_199.jpg,kitchen
kitchen_60.jpg,kitchen
kitchen_1072.jpg,kitchen
kitchen_55.jpg,kitchen
kitchen_790.jpg,kitchen
kitchen_382.jpg,kitchen
kitchen_1307.jpg,kitchen
kitchen_676.jpg,kitchen
kitchen_102.jpg,kitchen
kitchen_89.jpg,kitchen
kitchen_970.jpg,kitchen
kitchen_673.jpg,kitchen
kitchen_20.jpg,kitchen
kitchen_1291.jpg,kitchen
kitchen_349.jpg,kitchen
kitchen_155.jpg,kitchen
kitchen_633.jpg,kitchen
kitchen_1226.jpg,kitchen
kitchen_548.jpg,kitchen
kitchen_1088.jpg,kitchen
kitchen_927.jpg,kitchen
kitchen_1208.jpg,kitchen
kitchen_491.jpg,kitchen
kitchen_397.jpg,kitchen
kitchen_637.jpg,kitchen
kitchen_749.jpg,kitchen
kitchen_745.jpg,kitchen
kitchen_666.jpg,kitchen
kitchen_256.jpg,kitchen
kitchen_730.jpg,kitchen
kitchen_1313.jpg,kitchen
kitchen_509.jpg,kitchen
kitchen_375.jpg,kitchen
kitchen_902.jpg,kitchen
kitchen_1089.jpg,kitchen
kitchen_880.jpg,kitchen
kitchen_113.jpg,kitchen
kitchen_872.jpg,kitchen
kitchen_473.jpg,kitchen
kitchen_1203.jpg,kitchen
kitchen_404.jpg,kitchen
kitchen_279.jpg,kitchen
kitchen_399.jpg,kitchen
kitchen_674.jpg,kitchen
kitchen_834.jpg,kitchen
kitchen_358.jpg,kitchen
kitchen_625.jpg,kitchen
kitchen_714.jpg,kitchen
kitchen_1343.jpg,kitchen
kitchen_296.jpg,kitchen
kitchen_571.jpg,kitchen
kitchen_738.jpg,kitchen
kitchen_1290.jpg,kitchen
kitchen_231.jpg,kitchen
kitchen_1139.jpg,kitchen
kitchen_1031.jpg,kitchen
kitchen_935.jpg,kitchen
kitchen_644.jpg,kitchen
kitchen_95.jpg,kitchen
kitchen_592.jpg,kitchen
kitchen_1251.jpg,kitchen
kitchen_126.jpg,kitchen
kitchen_151.jpg,kitchen
kitchen_939.jpg,kitchen
kitchen_116.jpg,kitchen
kitchen_460.jpg,kitchen
kitchen_301.jpg,kitchen
kitchen_82.jpg,kitchen
kitchen_104.jpg,kitchen
kitchen_1133.jpg,kitchen
kitchen_556.jpg,kitchen
kitchen_150.jpg,kitchen
kitchen_858.jpg,kitchen
kitchen_757.jpg,kitchen
kitchen_236.jpg,kitchen
kitchen_798.jpg,kitchen
kitchen_549.jpg,kitchen
kitchen_486.jpg,kitchen
kitchen_770.jpg,kitchen
kitchen_383.jpg,kitchen
kitchen_416.jpg,kitchen
kitchen_1213.jpg,kitchen
kitchen_1143.jpg,kitchen
kitchen_501.jpg,kitchen
kitchen_376.jpg,kitchen
kitchen_323.jpg,kitchen
kitchen_1136.jpg,kitchen
kitchen_184.jpg,kitchen
kitchen_456.jpg,kitchen
kitchen_1060.jpg,kitchen
kitchen_444.jpg,kitchen
kitchen_913.jpg,kitchen
kitchen_196.jpg,kitchen
kitchen_1347.jpg,kitchen
kitchen_295.jpg,kitchen
kitchen_492.jpg,kitchen
kitchen_70.jpg,kitchen
kitchen_552.jpg,kitchen
kitchen_225.jpg,kitchen
kitchen_458.jpg,kitchen
kitchen_651.jpg,kitchen
kitchen_443.jpg,kitchen
kitchen_965.jpg,kitchen
kitchen_21.jpg,kitchen
kitchen_191.jpg,kitchen
kitchen_756.jpg,kitchen
kitchen_275.jpg,kitchen
kitchen_588.jpg,kitchen
kitchen_47.jpg,kitchen
kitchen_1044.jpg,kitchen
kitchen_258.jpg,kitchen
kitchen_877.jpg,kitchen
kitchen_482.jpg,kitchen
kitchen_830.jpg,kitchen
kitchen_658.jpg,kitchen
kitchen_1244.jpg,kitchen
kitchen_159.jpg,kitchen
kitchen_1032.jpg,kitchen
kitchen_698.jpg,kitchen
kitchen_229.jpg,kitchen
kitchen_322.jpg,kitchen
kitchen_272.jpg,kitchen
kitchen_386.jpg,kitchen
kitchen_886.jpg,kitchen
kitchen_1296.jpg,kitchen
kitchen_1231.jpg,kitchen
kitchen_623.jpg,kitchen
kitchen_645.jpg,kitchen
kitchen_481.jpg,kitchen
kitchen_287.jpg,kitchen
kitchen_1155.jpg,kitchen
kitchen_1242.jpg,kitchen
kitchen_239.jpg,kitchen
kitchen_454.jpg,kitchen
kitchen_1206.jpg,kitchen
kitchen_432.jpg,kitchen
kitchen_605.jpg,kitchen
kitchen_816.jpg,kitchen
kitchen_849.jpg,kitchen
kitchen_1234.jpg,kitchen
kitchen_487.jpg,kitchen
kitchen_1018.jpg,kitchen
kitchen_636.jpg,kitchen
kitchen_1228.jpg,kitchen
